ID	Reaction_type	Common_name	Enzyme	All_Left_Compounds	All_Right_Compounds	Synonyms	Connected_Reactions
MALATE-DEH-RXN	Chemical-Reactions; Small-Molecule-Reactions	-	ENZRXN6B-2178; ENZRXN6B-1995; ENZRXN6B-1397; ENZRXN6B-1396; ENZRXN6B-1147; ENZRXN6B-635	(MAL; NAD)	(OXALACETIC_ACID; NADH; PROTON)	malate dehydrogenation	-
RXN-13309	Chemical-Reactions; Small-Molecule-Reactions	-	-	(CPD1G-277; NADP)	(CPD-14283; NADPH; PROTON)	-	-
RXN-7659	Chemical-Reactions; Small-Molecule-Reactions	-	ENZRXN6B-3194	(CPD-7003; NADP)	(CPD-7002; NADPH; PROTON)	-	-
RXN-1728	Chemical-Reactions; Small-Molecule-Reactions	-	ENZRXN6B-1036; ENZRXN6B-566	(CPD-2187; OXYGEN-MOLECULE; Reduced-ferredoxins; PROTON)	(CPD-2188; WATER; Oxidized-ferredoxins)	-	-
RXN-14973	Protein-Modification-Reactions	-	-	(3-Oxo-octanoyl-ACPs; NADPH; PROTON)	(Octanoyl-ACPs; NADP; WATER)	-	-
RXN-9663	Protein-Modification-Reactions	<i>trans</i> hexadecenoyl-[acp] reductase	-	(Palmitoyl-ACPs; NAD)	(2-Hexadecenoyl-ACPs; NADH; PROTON)	-	-
RXN-8301	Chemical-Reactions; Small-Molecule-Reactions	-	-	(CPD-8080; OXYGEN-MOLECULE; Reduced-ferredoxins; PROTON)	(CPD-2190; WATER; Oxidized-ferredoxins)	-	-
RXN-8310	Chemical-Reactions; Small-Molecule-Reactions	-	-	(CPD-8082; OXYGEN-MOLECULE; Reduced-ferredoxins; PROTON)	(CPD-8084; WATER; Oxidized-ferredoxins)	-	-
RXN-8308	Chemical-Reactions; Small-Molecule-Reactions	-	ENZRXN6B-3489; ENZRXN6B-2850	(CPD-8076; OXYGEN-MOLECULE; Reduced-ferredoxins; PROTON)	(CPD-8078; WATER; Oxidized-ferredoxins)	-	-
BIOTIN-CARBOXYL-RXN	Protein-Modification-Reactions	-	ENZRXN6B-2964; ENZRXN6B-2510	(biotin-L-lysine-in-BCCP-dimers; HCO3; ATP)	(Pi; carboxybiotin-L-lysine-in-BCCP-dimers; ADP; PROTON)	-	-
PSII-RXN	Electron-Transfer-Reactions; Small-Molecule-Reactions	-	ENZRXN6B-3330; ENZRXN6B-3286; ENZRXN6B-3255; ENZRXN6B-2765; ENZRXN6B-2677; ENZRXN6B-2676; ENZRXN6B-2642; ENZRXN6B-2609; ENZRXN6B-2566; ENZRXN6B-2306; ENZRXN6B-2223; ENZRXN6B-2088; ENZRXN6B-2062; ENZRXN6B-2061; ENZRXN6B-2060; ENZRXN6B-2032; ENZRXN6B-2013; ENZRXN6B-2012; ENZRXN6B-1999; ENZRXN6B-1947; ENZRXN6B-1946; ENZRXN6B-1945; ENZRXN6B-1920; ENZRXN6B-1919; ENZRXN6B-1918; ENZRXN6B-1900; ENZRXN6B-1865; ENZRXN6B-1864; ENZRXN6B-1828; ENZRXN6B-1827; ENZRXN6B-1645; ENZRXN6B-1285; ENZRXN6B-1187; ENZRXN6B-1157; ENZRXN6B-1089; ENZRXN6B-1063; ENZRXN6B-1060; ENZRXN6B-1058; ENZRXN6B-999; ENZRXN6B-998; ENZRXN6B-828; ENZRXN6B-827; ENZRXN6B-289; ENZRXN6B-239; ENZRXN6B-236	(Plastoquinols=(CPD-12829); PROTON; OXYGEN-MOLECULE)	(Light; PLASTOQUINONE; PROTON; WATER)	-	RXN-15490; RXN-15447; RXN0-5265
3-OXOACYL-ACP-SYNTH-RXN	Protein-Modification-Reactions	-	-	(Saturated-Fatty-Acyl-ACPs; MALONYL-ACP; PROTON)	(B-KETOACYL-ACP; CARBON-DIOXIDE; ACP)	-	-
RXN-9518	Protein-Modification-Reactions	3-hydroxyhexanoyl-[acyl-carrier protein] reductase	-	(R-3-hydroxyhexanoyl-ACPs; NADP)	(3-oxo-hexanoyl-ACPs; NADPH; PROTON)	-	-
RXN-8296	Chemical-Reactions; Small-Molecule-Reactions	-	ENZRXN6B-3484; ENZRXN6B-2845	(CPD-2188; OXYGEN-MOLECULE; Reduced-ferredoxins; PROTON)	(CPD-8075; WATER; Oxidized-ferredoxins)	-	-
PHOSPHORIBULOKINASE-RXN	Chemical-Reactions; Small-Molecule-Reactions	-	ENZRXN6B-2701	(RIBULOSE-5P; ATP)	(PROTON; D-RIBULOSE-15-P2; ADP)	-	-
F16BDEPHOS-RXN	Chemical-Reactions; Small-Molecule-Reactions	-	ENZRXN6B-3766; ENZRXN6B-370	(FRUCTOSE-16-DIPHOSPHATE; WATER)	(FRUCTOSE-6P; Pi)	-	-
2.3.1.23-RXN	Chemical-Reactions; Small-Molecule-Reactions	-	ENZRXN6B-1496; ENZRXN6B-1073; ENZRXN6B-47	(ACYL-COA=(Cis-Delta-11-acyl-CoAs; R-2-METHYLACYL-COA; Trans-Delta-11-acyl-CoAs; S-2-METHYLACYL-COA); 2-Lysophosphatidylcholines)	(PHOSPHATIDYLCHOLINE=(Phosphatidylcholines-40-3; Phosphatidylcholines-34-4; Phosphatidylcholines-32-0; Phosphatidylcholines-38-3; Phosphatidylcholines-40-2; Phosphatidylcholines-38-6; 1-arachidonoyl-PC; 1-Oleoyl-PC; Phosphatidylcholines-38-2; Phosphatidylcholines-36-1; phosphatidylcholine-30:0; Phosphatidylcholines-38-5; 1-Stearoyl-PC; 1-ACYL-2-OLEOYL-SN-GLYCERO-3-PHOSPHOCHOL; Phosphatidylcholines-40-5; 1-ACYL-2-LINOLEOYL-SN-GLYCERO-3-PHOSPHOC; Phosphatidylcholines-38-4; 2-arachidonoyl-PC; Phosphatidylcholines-40-4; 1-Linoleoyl-PC); CO-A)	-	-
RXN-6883	Electron-Transfer-Reactions; Protein-Modification-Reactions	-	ENZRXN6B-964; ENZRXN6B-516; ENZRXN6B-515; ENZRXN6B-28	(Ubiquinols=(UBIQUINOL-30); OXYGEN-MOLECULE)	(Ubiquinones=(UBIQUINONE-6); WATER)	-	RXN0-5244; RXN0-5265
2.5.1.19-RXN	Chemical-Reactions; Small-Molecule-Reactions	-	ENZRXN6B-43	(SHIKIMATE-5P; PHOSPHO-ENOL-PYRUVATE)	(3-ENOLPYRUVYL-SHIKIMATE-5P; Pi)	-	-
2.7.7.60-RXN	Chemical-Reactions; Small-Molecule-Reactions	-	ENZRXN6B-2166	(PROTON; 2-C-METHYL-D-ERYTHRITOL-4-PHOSPHATE; CTP)	(4-CYTIDINE-5-DIPHOSPHO-2-C; PPI)	4-diphosphocytidyl-2-methylerithritol synthase (sugar nucleotide phosphorylase family)	-
RXN-8305	Chemical-Reactions; Small-Molecule-Reactions	-	ENZRXN6B-3488; ENZRXN6B-2849	(CPD-8075; OXYGEN-MOLECULE; Reduced-ferredoxins; PROTON)	(CPD-2189; WATER; Oxidized-ferredoxins)	-	-
RXN-8300	Chemical-Reactions; Small-Molecule-Reactions	-	ENZRXN6B-3486; ENZRXN6B-2847	(CPD-8079; OXYGEN-MOLECULE; Reduced-ferredoxins; PROTON)	(CPD-8080; WATER; Oxidized-ferredoxins)	-	-
RXN-13308	Chemical-Reactions; Small-Molecule-Reactions	-	-	(CPD-10280; NADP)	(CPD-14282; NADPH; PROTON)	-	-
RXN-8303	Chemical-Reactions; Small-Molecule-Reactions	-	-	(CPD-8077; OXYGEN-MOLECULE; Reduced-ferredoxins; PROTON)	(CPD-8079; WATER; Oxidized-ferredoxins)	-	-
RXN-8311	Chemical-Reactions; Small-Molecule-Reactions	-	-	(CPD-8084; OXYGEN-MOLECULE; Reduced-ferredoxins; PROTON)	(CPD-8081; WATER; Oxidized-ferredoxins)	-	-
RXN-13301	Chemical-Reactions; Small-Molecule-Reactions	-	-	(CPD-14278; NADP)	(CPD-14274; NADPH; PROTON)	-	-
TYROSINE-AMINOTRANSFERASE-RXN	Chemical-Reactions; Small-Molecule-Reactions	-	ENZRXN6B-3362	(TYR; 2-KETOGLUTARATE)	(P-HYDROXY-PHENYLPYRUVATE; GLT)	-	-
RXNIO2-2	Chemical-Reactions; Small-Molecule-Reactions	-	-	(CPD-8290; Donor-H2; OXYGEN-MOLECULE)	(CPDIO2-3; Acceptor; WATER)	-	-
2.4.1.46-RXN	Chemical-Reactions; Small-Molecule-Reactions	-	ENZRXN6B-3169	(CPD-14553; DIACYLGLYCEROL=(1-Palmitoyl-2-Acyl-Glycerols; 1-Linoleoyl-2-Acyl-Glycerols; 1-Oleoyl-2-Acyl-Glycerols; 1-Arachidonoyl-2-Acyl-Glycerols; 1-Acyl-2-Arachidonoyl-Glycerols; 1-acyl-2-oleoyl-glyceride; 1-Stearoyl-2-Acyl-Glycerols))	(D-Galactosyl-12-diacyl-glycerols=(Monogalactosyldiacylglycerols-38-3; CPD-17298; Monogalactosyldiacylglycerols-38-6; CPD-17296; Monogalactosyldiacylglycerols-38-4; Monogalactosyldiacylglycerols-38-5; Monogalactosyldiacylglycerols-36-1; Monogalactosyldiacylglycerols-36-2; CPD-17297; CPD-17295; Monogalactosyldiacylglycerols-36-3; CPDIO2-9); UDP; PROTON)	-	-
TRANS-RXN-229	Small-Molecule-Reactions; Transport-Reactions	-	-	(L-ORNITHINE)	(L-ORNITHINE)	-	-
RXN-9524	Protein-Modification-Reactions	3-oxo-octanoyl-[acyl-carrier protein] reductase	-	(3-Hydroxy-octanoyl-ACPs; NADP)	(3-Oxo-octanoyl-ACPs; NADPH; PROTON)	-	-
RXN-13294	Chemical-Reactions; Small-Molecule-Reactions	-	-	(MALONYL-COA; STEAROYL-COA; PROTON)	(CPD-14271; CARBON-DIOXIDE; CO-A)	-	-
RXNIO2-13	Chemical-Reactions; Small-Molecule-Reactions	-	-	(DIACYLGLYCEROL=(1-Palmitoyl-2-Acyl-Glycerols; 1-Linoleoyl-2-Acyl-Glycerols; 1-Oleoyl-2-Acyl-Glycerols; 1-Arachidonoyl-2-Acyl-Glycerols; 1-Acyl-2-Arachidonoyl-Glycerols; 1-acyl-2-oleoyl-glyceride; 1-Stearoyl-2-Acyl-Glycerols); D-Galactosyl-12-diacyl-glycerols=(Monogalactosyldiacylglycerols-38-3; CPD-17298; Monogalactosyldiacylglycerols-38-6; CPD-17296; Monogalactosyldiacylglycerols-38-4; Monogalactosyldiacylglycerols-38-5; Monogalactosyldiacylglycerols-36-1; Monogalactosyldiacylglycerols-36-2; CPD-17297; CPD-17295; Monogalactosyldiacylglycerols-36-3; CPDIO2-9))	(Triacylglycerols=(TAG-18-3-32-1s; TAG-18-3-38-4s; TAG-18-3-38-1s; TAG-18-3-36-5s; TAG-18-3-38-2s; TAG-18-3-36-1s; TAG-18-3-34-2s; TAG-18-3-40-2s; TAG-18-3-32-2s; TAG-18-3-36-6s; TAG-18-3-38-5s; TAG-18-3-36-3s; TAG-18-3-34-3s; TAG-18-3-40-3s; TAG-18-3-34-0s; TAG-18-3-40-0s; TAG-18-3-32-0s; TAG-18-3-38-3s; TAG-18-3-38-0s; TAG-18-3-36-4s; TAG-18-3-34-1; TAG-18-3-36-0s; TAG-18-3-40-4s; TAG-18-3-40-1s); MONO-BETA-D-GALACTOSYLACYLGLYCEROL)	-	-
RIBULP3EPIM-RXN	Chemical-Reactions; Small-Molecule-Reactions	-	ENZRXN6B-3104; ENZRXN6B-371	(RIBULOSE-5P)	(XYLULOSE-5-PHOSPHATE)	-	-
F16ALDOLASE-RXN	Chemical-Reactions; Small-Molecule-Reactions	-	ENZRXN6B-3095; ENZRXN6B-2141; ENZRXN6B-1797; ENZRXN6B-468	(FRUCTOSE-16-DIPHOSPHATE)	(DIHYDROXY-ACETONE-PHOSPHATE; GAP)	-	-
RXN-13299	Chemical-Reactions; Small-Molecule-Reactions	-	-	(CPD-14276; NADP)	(CPD-10283; NADPH; PROTON)	-	-
RXN-16635	Chemical-Reactions; Small-Molecule-Reactions	-	-	(D-Galactosyl-12-diacyl-glycerols=(Monogalactosyldiacylglycerols-38-3; CPD-17298; Monogalactosyldiacylglycerols-38-6; CPD-17296; Monogalactosyldiacylglycerols-38-4; Monogalactosyldiacylglycerols-38-5; Monogalactosyldiacylglycerols-36-1; Monogalactosyldiacylglycerols-36-2; CPD-17297; CPD-17295; Monogalactosyldiacylglycerols-36-3; CPDIO2-9); CPD-10364)	(Tetragalactosyldiacylglycerol; DIACYLGLYCEROL=(1-Palmitoyl-2-Acyl-Glycerols; 1-Linoleoyl-2-Acyl-Glycerols; 1-Oleoyl-2-Acyl-Glycerols; 1-Arachidonoyl-2-Acyl-Glycerols; 1-Acyl-2-Arachidonoyl-Glycerols; 1-acyl-2-oleoyl-glyceride; 1-Stearoyl-2-Acyl-Glycerols))	-	-
RXN-7658	Chemical-Reactions; Small-Molecule-Reactions	-	ENZRXN6B-3195	(CPD-7002; NADP)	(GERANYLGERANYL-PP; NADPH; PROTON)	-	-
TRANS-HEXAPRENYLTRANSTRANSFERASE-RXN	Chemical-Reactions; Small-Molecule-Reactions	-	ENZRXN6B-921	(FARNESYL-PP; DELTA3-ISOPENTENYL-PP)	(ALL-TRANS-HEPTAPRENYL-DIPHOSPHATE; PPI)	-	-
RXN-8306	Chemical-Reactions; Small-Molecule-Reactions	-	-	(CPD-2189; OXYGEN-MOLECULE; Reduced-ferredoxins; PROTON)	(CPD-8080; WATER; Oxidized-ferredoxins)	-	-
ADENYLYLSULFKIN-RXN	Chemical-Reactions; Small-Molecule-Reactions	-	ENZRXN6B-235	(APS; ATP)	(PROTON; PAPS; ADP)	-	-
RXN-1226	Chemical-Reactions; Small-Molecule-Reactions	-	-	(D-Galactosyl-12-diacyl-glycerols=(Monogalactosyldiacylglycerols-38-3; CPD-17298; Monogalactosyldiacylglycerols-38-6; CPD-17296; Monogalactosyldiacylglycerols-38-4; Monogalactosyldiacylglycerols-38-5; Monogalactosyldiacylglycerols-36-1; Monogalactosyldiacylglycerols-36-2; CPD-17297; CPD-17295; Monogalactosyldiacylglycerols-36-3; CPDIO2-9))	(CPD-10363; DIACYLGLYCEROL=(1-Palmitoyl-2-Acyl-Glycerols; 1-Linoleoyl-2-Acyl-Glycerols; 1-Oleoyl-2-Acyl-Glycerols; 1-Arachidonoyl-2-Acyl-Glycerols; 1-Acyl-2-Arachidonoyl-Glycerols; 1-acyl-2-oleoyl-glyceride; 1-Stearoyl-2-Acyl-Glycerols))	-	-
NADH-DEHYDROG-A-RXN	Electron-Transfer-Reactions; Small-Molecule-Reactions	-	ENZRXN6B-3642; ENZRXN6B-3641; ENZRXN6B-3560; ENZRXN6B-3500; ENZRXN6B-3375; ENZRXN6B-2794; ENZRXN6B-2793; ENZRXN6B-2617; ENZRXN6B-2550; ENZRXN6B-2490; ENZRXN6B-2146; ENZRXN6B-1914; ENZRXN6B-1897; ENZRXN6B-1881; ENZRXN6B-1851; ENZRXN6B-1825; ENZRXN6B-1824; ENZRXN6B-1822; ENZRXN6B-1534; ENZRXN6B-1281; ENZRXN6B-1237; ENZRXN6B-1172; ENZRXN6B-1015; ENZRXN6B-666; ENZRXN6B-503; ENZRXN6B-346; ENZRXN6B-328; ENZRXN6B-320	(NADH; PROTON; Ubiquinones=(UBIQUINONE-6))	(PROTON; NAD; Ubiquinols=(UBIQUINOL-30))	-	RXN-13519; RXN0-5248; RXN0-5244
RXN-13303	Chemical-Reactions; Small-Molecule-Reactions	-	ENZRXN6B-3126	(CPD-14276)	(CPD-14281; WATER)	-	-
RXN-12347	Chemical-Reactions; Small-Molecule-Reactions	-	ENZRXN6B-2450	(S-ADENOSYLMETHIONINE; DIACYLGLYCEROL=(1-Palmitoyl-2-Acyl-Glycerols; 1-Linoleoyl-2-Acyl-Glycerols; 1-Oleoyl-2-Acyl-Glycerols; 1-Arachidonoyl-2-Acyl-Glycerols; 1-Acyl-2-Arachidonoyl-Glycerols; 1-acyl-2-oleoyl-glyceride; 1-Stearoyl-2-Acyl-Glycerols))	(Diacylglycerolhomoserines; 5-METHYLTHIOADENOSINE; PROTON)	-	-
ENOYL-ACP-REDUCT-NADH-RXN	Protein-Modification-Reactions	-	ENZRXN6B-3285	(Saturated-Fatty-Acyl-ACPs; NAD)	(TRANS-D2-ENOYL-ACP; NADH; PROTON)	-	-
3PGAREARR-RXN	Chemical-Reactions; Small-Molecule-Reactions	-	ENZRXN6B-2038; ENZRXN6B-2037; ENZRXN6B-427	(2-PG)	(G3P)	-	-
RXN-8313	Chemical-Reactions; Small-Molecule-Reactions	-	-	(CPD-8082; OXYGEN-MOLECULE; Reduced-ferredoxins; PROTON)	(CPD-8083; WATER; Oxidized-ferredoxins)	-	-
TRANS-RXN-227	Small-Molecule-Reactions; Transport-Reactions	-	ENZRXN6B-173	(L-CITRULLINE)	(L-CITRULLINE)	-	-
RXN-9549	Protein-Modification-Reactions	-	-	(Palmitoyl-ACPs; WATER)	(PALMITATE; ACP; PROTON)	-	-
GPPSYN-RXN	Chemical-Reactions; Small-Molecule-Reactions	-	ENZRXN6B-358	(CPD-4211; DELTA3-ISOPENTENYL-PP)	(GERANYL-PP; PPI)	-	-
ORNCARBAMTRANSFER-RXN	Chemical-Reactions; Small-Molecule-Reactions	-	ENZRXN6B-360	(L-ORNITHINE; CARBAMOYL-P)	(PROTON; L-CITRULLINE; Pi)	-	-
RXN-7101	Protein-Modification-Reactions	-	-	(BCCP-biotin-L-lysine)	(biotin-L-lysine-in-BCCP-dimers)	-	-
RXN-1224	Chemical-Reactions; Small-Molecule-Reactions	-	ENZRXN6B-3643	(UDP-SULFOQUINOVOSE; DIACYLGLYCEROL=(1-Palmitoyl-2-Acyl-Glycerols; 1-Linoleoyl-2-Acyl-Glycerols; 1-Oleoyl-2-Acyl-Glycerols; 1-Arachidonoyl-2-Acyl-Glycerols; 1-Acyl-2-Arachidonoyl-Glycerols; 1-acyl-2-oleoyl-glyceride; 1-Stearoyl-2-Acyl-Glycerols))	(SULFOQUINOVOSYLDIACYLGLYCEROL=(SQDG-36-6; SQDG-32-0; SQDG-34-4; SQDG-36-2; SQDG-34-2; SQDG-36-3; SQDG-36-1; SQDG-34-1; SQDG-34-6; SQDG-32-1; SQDG-34-5; SQDG-32-2; SQDG-34-3; SQDG-36-4; SQDG-32-3; SQDG-36-5); UDP; PROTON)	-	-
RXN-9952	Chemical-Reactions; Small-Molecule-Reactions	-	ENZRXN6B-446	(CPD-2961; NADP)	(RIBULOSE-5P; CARBON-DIOXIDE; NADPH)	-	-
RXN-8363	Composite-Reactions; Small-Molecule-Reactions	-	ENZRXN6B-3491; ENZRXN6B-2852	(CPD-8160; OXYGEN-MOLECULE; Reduced-ferredoxins; PROTON)	(CPD-8161; WATER; Oxidized-ferredoxins)	-	-
RXN-8295	Chemical-Reactions; Small-Molecule-Reactions	-	-	(CPD-8073; OXYGEN-MOLECULE; Reduced-ferredoxins; PROTON)	(CPD-8074; WATER; Oxidized-ferredoxins)	-	-
1.10.2.2-RXN	Electron-Transfer-Reactions; Protein-Modification-Reactions	-	ENZRXN6B-1823; ENZRXN6B-1232; ENZRXN6B-1049	(Ubiquinols=(UBIQUINOL-30); Cytochromes-C-Oxidized)	(PROTON; Ubiquinones=(UBIQUINONE-6); Cytochromes-C-Reduced)	-	TRANS-RXN-218; RXN0-5244; RXN-15815
ACONITATEDEHYDR-RXN	Chemical-Reactions; Small-Molecule-Reactions	-	ENZRXN6B-3497	(CIT)	(CIS-ACONITATE; WATER)	-	-
RXN-13295	Chemical-Reactions; Small-Molecule-Reactions	-	-	(MALONYL-COA; CPD-9965; PROTON)	(CPD-10283; CARBON-DIOXIDE; CO-A)	-	-
SERINE-O-ACETTRAN-RXN	Chemical-Reactions; Small-Molecule-Reactions	-	ENZRXN6B-2855; ENZRXN6B-2836; ENZRXN6B-2835; ENZRXN6B-1600	(SER; ACETYL-COA)	(ACETYLSERINE; CO-A)	-	-
CHORISMATE-SYNTHASE-RXN	Chemical-Reactions; Small-Molecule-Reactions	-	ENZRXN6B-2582; ENZRXN6B-2581; ENZRXN6B-2559	(3-ENOLPYRUVYL-SHIKIMATE-5P)	(Pi; CHORISMATE)	-	-
RXN-13298	Chemical-Reactions; Small-Molecule-Reactions	-	-	(CPD-14275; NADP)	(CPD-14271; NADPH; PROTON)	-	-
TRIOSEPISOMERIZATION-RXN	Chemical-Reactions; Small-Molecule-Reactions	-	ENZRXN6B-3325	(GAP)	(DIHYDROXY-ACETONE-PHOSPHATE)	-	-
RXN-15878	Chemical-Reactions; Small-Molecule-Reactions	-	-	(HYDROXY-METHYL-BUTENYL-DIP; Oxidized-flavodoxins; WATER; PROTON)	(2C-METH-D-ERYTHRITOL-CYCLODIPHOSPHATE; Reduced-flavodoxins)	-	-
4.2.1.93-RXN	Chemical-Reactions; Small-Molecule-Reactions	-	ENZRXN6B-2761; ENZRXN6B-591	(ATP; CPD-653)	(PROTON; Pi; NADH; ADP)	-	-
RXN-7660	Chemical-Reactions; Small-Molecule-Reactions	-	ENZRXN6B-3193	(PHYTYL-PYROPHOSPHATE; NADP)	(CPD-7003; NADPH; PROTON)	-	-
ACONITATEHYDR-RXN	Chemical-Reactions; Small-Molecule-Reactions	cis-aconitate hydratase	ENZRXN6B-3496	(CIS-ACONITATE; WATER)	(THREO-DS-ISO-CITRATE)	-	-
SEDOHEPTULOSE-BISPHOSPHATASE-RXN	Chemical-Reactions; Small-Molecule-Reactions	-	ENZRXN6B-1620; ENZRXN6B-49	(WATER; D-SEDOHEPTULOSE-1-7-P2)	(D-SEDOHEPTULOSE-7-P; Pi)	-	-
RXN-9721	Chemical-Reactions; Small-Molecule-Reactions	-	-	(D-Galactosyl-12-diacyl-glycerols=(Monogalactosyldiacylglycerols-38-3; CPD-17298; Monogalactosyldiacylglycerols-38-6; CPD-17296; Monogalactosyldiacylglycerols-38-4; Monogalactosyldiacylglycerols-38-5; Monogalactosyldiacylglycerols-36-1; Monogalactosyldiacylglycerols-36-2; CPD-17297; CPD-17295; Monogalactosyldiacylglycerols-36-3; CPDIO2-9); CPD-10363)	(CPD-10364; DIACYLGLYCEROL=(1-Palmitoyl-2-Acyl-Glycerols; 1-Linoleoyl-2-Acyl-Glycerols; 1-Oleoyl-2-Acyl-Glycerols; 1-Arachidonoyl-2-Acyl-Glycerols; 1-Acyl-2-Arachidonoyl-Glycerols; 1-acyl-2-oleoyl-glyceride; 1-Stearoyl-2-Acyl-Glycerols))	-	-
RXN-16047	Chemical-Reactions; Small-Molecule-Reactions	-	-	(CPD-17294=(CPD-17296); Reduced-ferredoxins; OXYGEN-MOLECULE; PROTON)	(CPD-17293=(CPD-17297); Oxidized-ferredoxins; WATER)	-	-
ISOCITRATE-DEHYDROGENASE-NAD+-RXN	Chemical-Reactions; Small-Molecule-Reactions	-	ENZRXN6B-2286; ENZRXN6B-1138	(THREO-DS-ISO-CITRATE; NAD)	(2-KETOGLUTARATE; CARBON-DIOXIDE; NADH)	-	-
1.18.1.2-RXN	Electron-Transfer-Reactions; Protein-Modification-Reactions	-	-	(NADP; PROTON; Reduced-ferredoxins)	(Oxidized-ferredoxins; NADPH)	-	RXN-19772; RXN-15468
RXN-12753	Chemical-Reactions; Small-Molecule-Reactions	-	-	(NADH; WATER)	(CPD-653)	-	-
RXN-8302	Chemical-Reactions; Small-Molecule-Reactions	-	ENZRXN6B-3487; ENZRXN6B-2848	(CPD-2188; OXYGEN-MOLECULE; Reduced-ferredoxins; PROTON)	(CPD-8077; WATER; Oxidized-ferredoxins)	-	-
RXN-12754	Chemical-Reactions; Small-Molecule-Reactions	-	-	(NADH; WATER)	(CPD0-2472)	-	-
RXN-1641	Chemical-Reactions; Small-Molecule-Reactions	-	-	(PHOSPHATIDYLCHOLINE=(Phosphatidylcholines-40-3; Phosphatidylcholines-34-4; Phosphatidylcholines-32-0; Phosphatidylcholines-38-3; Phosphatidylcholines-40-2; Phosphatidylcholines-38-6; 1-arachidonoyl-PC; 1-Oleoyl-PC; Phosphatidylcholines-38-2; Phosphatidylcholines-36-1; phosphatidylcholine-30:0; Phosphatidylcholines-38-5; 1-Stearoyl-PC; 1-ACYL-2-OLEOYL-SN-GLYCERO-3-PHOSPHOCHOL; Phosphatidylcholines-40-5; 1-ACYL-2-LINOLEOYL-SN-GLYCERO-3-PHOSPHOC; Phosphatidylcholines-38-4; 2-arachidonoyl-PC; Phosphatidylcholines-40-4; 1-Linoleoyl-PC); DIACYLGLYCEROL=(1-Palmitoyl-2-Acyl-Glycerols; 1-Linoleoyl-2-Acyl-Glycerols; 1-Oleoyl-2-Acyl-Glycerols; 1-Arachidonoyl-2-Acyl-Glycerols; 1-Acyl-2-Arachidonoyl-Glycerols; 1-acyl-2-oleoyl-glyceride; 1-Stearoyl-2-Acyl-Glycerols))	(Triacylglycerols=(TAG-18-3-32-1s; TAG-18-3-38-4s; TAG-18-3-38-1s; TAG-18-3-36-5s; TAG-18-3-38-2s; TAG-18-3-36-1s; TAG-18-3-34-2s; TAG-18-3-40-2s; TAG-18-3-32-2s; TAG-18-3-36-6s; TAG-18-3-38-5s; TAG-18-3-36-3s; TAG-18-3-34-3s; TAG-18-3-40-3s; TAG-18-3-34-0s; TAG-18-3-40-0s; TAG-18-3-32-0s; TAG-18-3-38-3s; TAG-18-3-38-0s; TAG-18-3-36-4s; TAG-18-3-34-1; TAG-18-3-36-0s; TAG-18-3-40-4s; TAG-18-3-40-1s); 2-Lysophosphatidylcholines)	-	-
ISPH2-RXN	Chemical-Reactions; Small-Molecule-Reactions	-	ENZRXN6B-2974; ENZRXN6B-2972	(DELTA3-ISOPENTENYL-PP; Oxidized-ferredoxins; WATER)	(HYDROXY-METHYL-BUTENYL-DIP; Reduced-ferredoxins; PROTON)	-	-
2TRANSKETO-RXN	Chemical-Reactions; Small-Molecule-Reactions	-	ENZRXN6B-2285	(ERYTHROSE-4P; XYLULOSE-5-PHOSPHATE)	(FRUCTOSE-6P; GAP)	-	-
FARNESYLTRANSTRANSFERASE-RXN	Chemical-Reactions; Small-Molecule-Reactions	-	ENZRXN6B-2179; ENZRXN6B-916	(FARNESYL-PP; DELTA3-ISOPENTENYL-PP)	(GERANYLGERANYL-PP; PPI)	-	-
RXN-8367	Chemical-Reactions; Small-Molecule-Reactions	-	-	(CPD-8165; OXYGEN-MOLECULE; Reduced-ferredoxins; PROTON)	(CPD-8166; WATER; Oxidized-ferredoxins)	-	-
FUMHYDR-RXN	Chemical-Reactions; Small-Molecule-Reactions	-	ENZRXN6B-2755; ENZRXN6B-2671	(MAL)	(FUM; WATER)	fumarate hydration; malate dehydration	-
RXN-14972	Protein-Modification-Reactions	-	-	(3-oxo-hexanoyl-ACPs; NADPH; PROTON; MALONYL-ACP)	(3-Oxo-octanoyl-ACPs; NADP; WATER; CARBON-DIOXIDE; ACP)	-	-
ACSERLY-RXN	Chemical-Reactions; Small-Molecule-Reactions	-	ENZRXN6B-3019; ENZRXN6B-2543; ENZRXN6B-2542; ENZRXN6B-179; ENZRXN6B-150	(ACETYLSERINE; HS)	(PROTON; CYS; ACET)	-	-
RXN-12348	Chemical-Reactions; Small-Molecule-Reactions	-	ENZRXN6B-2451	(S-ADENOSYLMETHIONINE; Diacylglycerolhomoserines)	(Diacylglycerol-NNN-trimethylhomoserines; ADENOSYL-HOMO-CYS; PROTON)	-	-
RXN-12752	Chemical-Reactions; Small-Molecule-Reactions	-	ENZRXN6B-2788	(CPD0-2472)	(CPD-653)	-	-
ISOCIT-CLEAV-RXN	Chemical-Reactions; Small-Molecule-Reactions	-	ENZRXN6B-2089	(THREO-DS-ISO-CITRATE)	(GLYOX; SUC)	-	-
RXN-9661	Protein-Modification-Reactions	<i>trans</i> dodec-2-enoyl-[acp] reductase	-	(Dodecanoyl-ACPs; NAD)	(Dodec-2-enoyl-ACPs; NADH; PROTON)	-	-
RXN0-884	Chemical-Reactions; Small-Molecule-Reactions	-	ENZRXN6B-2975; ENZRXN6B-2973	(CPD-4211; Oxidized-ferredoxins; WATER)	(HYDROXY-METHYL-BUTENYL-DIP; Reduced-ferredoxins; PROTON)	-	-
DXS-RXN	Chemical-Reactions; Small-Molecule-Reactions	-	ENZRXN6B-2932; ENZRXN6B-94	(PROTON; PYRUVATE; GAP)	(DEOXYXYLULOSE-5P; CARBON-DIOXIDE)	-	-
ACETYL-COA-CARBOXYLTRANSFER-RXN	Chemical-Reactions; Small-Molecule-Reactions	-	ENZRXN6B-3508; ENZRXN6B-2963; ENZRXN6B-2509; ENZRXN6B-2192; ENZRXN6B-1628; ENZRXN6B-1260	(ATP; ACETYL-COA; HCO3)	(ADP; Pi; MALONYL-COA; PROTON)	-	-
TRANS-RXN-230	Small-Molecule-Reactions; Transport-Reactions	-	ENZRXN6B-174	(L-ORNITHINE)	(L-ORNITHINE)	-	-
RXN-9527	Protein-Modification-Reactions	3-oxo-decanoyl-[acyl-carrier protein] synthase	-	(Octanoyl-ACPs; MALONYL-ACP; PROTON)	(3-oxo-decanoyl-ACPs; CARBON-DIOXIDE; ACP)	-	-
RXN-7798	Chemical-Reactions; Small-Molecule-Reactions	ceramide II desaturase	-	(C18-Phytoceramides; OXYGEN-MOLECULE; FERROCYTOCHROME-B5; PROTON)	(4-Hydroxysphing-8E-enine-ceramides; FERRICYTOCHROME-B5; WATER)	-	-
3-DEHYDROSPHINGANINE-REDUCTASE-RXN	Chemical-Reactions; Small-Molecule-Reactions	-	ENZRXN6B-2316	(CPD-13612; NADP)	(DEHYDROSPHINGANINE; NADPH; PROTON)	-	-
SHIKIMATE-5-DEHYDROGENASE-RXN	Chemical-Reactions; Small-Molecule-Reactions	-	ENZRXN6B-1725	(SHIKIMATE; NADP)	(PROTON; 3-DEHYDRO-SHIKIMATE; NADPH)	-	-
RXN-9537	Protein-Modification-Reactions	-	-	(R-3-hydroxymyristoyl-ACPs)	(Tetradec-2-enoyl-ACPs; WATER)	(3<i>R</i>)-hydroxymyristoyl-ACP dehydratase	-
CARBPSYN-RXN	Composite-Reactions; Small-Molecule-Reactions	-	ENZRXN6B-1166; ENZRXN6B-398	(ATP; GLN; HCO3; WATER)	(GLT; CARBAMOYL-P; ADP; Pi; PROTON)	-	RXN-13202; GLUTAMIN-RXN
RXN-8309	Chemical-Reactions; Small-Molecule-Reactions	-	-	(CPD-8078; OXYGEN-MOLECULE; Reduced-ferredoxins; PROTON)	(CPD-2190; WATER; Oxidized-ferredoxins)	-	-
SPHINGANINE-KINASE-RXN	Chemical-Reactions; Small-Molecule-Reactions	-	-	(CPD-13612; ATP)	(PROTON; CPD-649; ADP)	-	-
2OXOGLUTARATEDEH-RXN	Composite-Reactions; Small-Molecule-Reactions	2-oxoglutarate dehydrogenase complex	-	(2-KETOGLUTARATE; CO-A; NAD)	(SUC-COA; CARBON-DIOXIDE; NADH)	2-oxoglutarate dehydrogenation; &alpha;-ketoglutarate oxidative decarboxylation	2OXOGLUTDECARB-RXN; RXN0-1147; RXN-7716
FPPSYN-RXN	Chemical-Reactions; Small-Molecule-Reactions	-	ENZRXN6B-12	(GERANYL-PP; DELTA3-ISOPENTENYL-PP)	(FARNESYL-PP; PPI)	-	-
RXN-9533	Protein-Modification-Reactions	-	-	(R-3-hydroxydodecanoyl-ACPs)	(Dodec-2-enoyl-ACPs; WATER)	-	-
RXN-9528	Protein-Modification-Reactions	3-oxo-decanoyl-[acyl-carrier protein] reductase	-	(Beta-hydroxydecanoyl-ACPs; NADP)	(3-oxo-decanoyl-ACPs; NADPH; PROTON)	-	-
RXN-7697	Chemical-Reactions; Small-Molecule-Reactions	-	ENZRXN6B-3219; ENZRXN6B-2503; ENZRXN6B-2124; ENZRXN6B-817	(MALONYL-COA; Very-long-Chain-234-Saturated-acyl-CoAs=(CPD-10280; CPD1G-277))	(Very-Long-Chain-oxoacyl-CoAs=(CPD-10283; CPD-14274; CPD-14273); CARBON-DIOXIDE; CO-A)	-	-
RXN-9535	Protein-Modification-Reactions	-	-	(Dodecanoyl-ACPs; MALONYL-ACP; PROTON)	(3-oxo-myristoyl-ACPs; CARBON-DIOXIDE; ACP)	&beta;-ketoacyl-ACP synthase I; &beta;-ketoacyl-acyl carrier protein synthetase; &beta;-ketoacyl-[acyl carrier protein] synthase; condensing enzyme; &beta;-ketoacyl acyl carrier protein synthase; 3-oxoacyl-[acyl-carrier-protein] synthase; acyl-[acyl-carrier-protein]:malonyl-[acyl-carrier-protein] <em>C</em>-acyltransferase (decarboxylating)	-
RXN-13482	Chemical-Reactions; Small-Molecule-Reactions	-	-	(L-ORNITHINE; CARBAMOYL-P)	(PROTON; L-CITRULLINE; Pi)	-	-
RXN-14250	Chemical-Reactions; Small-Molecule-Reactions	-	ENZRXN6B-375	(CPD3DJ-82=(Inositolphosphoryl-Ceramides; Plant-Ceramide-Phosphate; Ceramide-NdS); OXYGEN-MOLECULE; FERROCYTOCHROME-B5; PROTON)	(C18-Phytoceramides; WATER; FERRICYTOCHROME-B5)	-	-
PHOSPHOLIPASE-A2-RXN	Chemical-Reactions; Small-Molecule-Reactions	-	ENZRXN6B-3010; ENZRXN6B-2009; ENZRXN6B-1767; ENZRXN6B-1685; ENZRXN6B-1495; ENZRXN6B-633	(PHOSPHATIDYLCHOLINE=(Phosphatidylcholines-40-3; Phosphatidylcholines-34-4; Phosphatidylcholines-32-0; Phosphatidylcholines-38-3; Phosphatidylcholines-40-2; Phosphatidylcholines-38-6; 1-arachidonoyl-PC; 1-Oleoyl-PC; Phosphatidylcholines-38-2; Phosphatidylcholines-36-1; phosphatidylcholine-30:0; Phosphatidylcholines-38-5; 1-Stearoyl-PC; 1-ACYL-2-OLEOYL-SN-GLYCERO-3-PHOSPHOCHOL; Phosphatidylcholines-40-5; 1-ACYL-2-LINOLEOYL-SN-GLYCERO-3-PHOSPHOC; Phosphatidylcholines-38-4; 2-arachidonoyl-PC; Phosphatidylcholines-40-4; 1-Linoleoyl-PC); WATER)	(2-Lysophosphatidylcholines; Fatty-Acids=(Cutin-Monomers); PROTON)	-	-
RXN-2762	Chemical-Reactions; Small-Molecule-Reactions	-	ENZRXN6B-1758; ENZRXN6B-1743	(S-ADENOSYLMETHIONINE; 2-METHYL-6-SOLANYL-14-BENZOQUINONE)	(CPD-12829; ADENOSYL-HOMO-CYS; PROTON)	-	-
RXN-7711	Chemical-Reactions; Small-Molecule-Reactions	-	ENZRXN6B-2097	(Very-long-Chain-234-Saturated-acyl-CoAs=(CPD-10280; CPD1G-277); NADP)	(Very-Long-Chain-Trans-23-Dehydroacyl-CoA=(CPD-14282; CPD-14283; CPD-14281); NADPH; PROTON)	-	-
RXN-8364	Chemical-Reactions; Small-Molecule-Reactions	-	-	(CPD-8161; OXYGEN-MOLECULE; Donor-H2)	(CPD-8162; WATER; Acceptor)	-	-
SUCCCOASYN-RXN	Chemical-Reactions; Small-Molecule-Reactions	-	ENZRXN6B-2342; ENZRXN6B-637; ENZRXN6B-636	(SUC; CO-A; ATP)	(SUC-COA; ADP; Pi)	Succinate thiokinase; succinyl CoA synthesis	-
RXN-9523	Protein-Modification-Reactions	3-oxo-octanoyl-[acyl-carrier protein] synthase	-	(Hexanoyl-ACPs; MALONYL-ACP; PROTON)	(3-Oxo-octanoyl-ACPs; CARBON-DIOXIDE; ACP)	-	-
SERINE-C-PALMITOYLTRANSFERASE-RXN	Chemical-Reactions; Small-Molecule-Reactions	-	ENZRXN6B-3503; ENZRXN6B-2585	(PALMITYL-COA; SER; PROTON)	(DEHYDROSPHINGANINE; CARBON-DIOXIDE; CO-A)	-	-
RXN-9532	Protein-Modification-Reactions	3-oxo-dodecanoyl-[acyl-carrier protein] reductase	-	(R-3-hydroxydodecanoyl-ACPs; NADP)	(3-oxo-dodecanoyl-ACPs; NADPH; PROTON)	-	-
3-HYDROXYDECANOYL-ACP-DEHYDR-RXN	Protein-Modification-Reactions	-	ENZRXN6B-1007	(OH-ACYL-ACP)	(TRANS-D2-ENOYL-ACP; WATER)	-	-
RXN-8304	Chemical-Reactions; Small-Molecule-Reactions	-	ENZRXN6B-1037; ENZRXN6B-567	(CPD-8073; OXYGEN-MOLECULE; Reduced-ferredoxins; PROTON)	(CPD-8075; WATER; Oxidized-ferredoxins)	-	-
RXN-11486	Chemical-Reactions; Small-Molecule-Reactions	-	ENZRXN6B-918	(GERANYLGERANYL-PP; DELTA3-ISOPENTENYL-PP)	(CPD-21340; PPI)	-	-
3-OXOACYL-ACP-REDUCT-RXN	Protein-Modification-Reactions	-	ENZRXN6B-2906; ENZRXN6B-1381; ENZRXN6B-997; ENZRXN6B-104	(OH-ACYL-ACP; NADP)	(B-KETOACYL-ACP; NADPH; PROTON)	-	-
RXN-8992	Chemical-Reactions; Small-Molecule-Reactions	-	ENZRXN6B-920	(FARNESYL-PP; DELTA3-ISOPENTENYL-PP)	(OCTAPRENYL-DIPHOSPHATE; PPI)	-	-
RXN-7904	Chemical-Reactions; Small-Molecule-Reactions	-	ENZRXN6B-3434; ENZRXN6B-3258; ENZRXN6B-1266; ENZRXN6B-335; ENZRXN6B-75	(Long-Chain-Fatty-Acids=(Long-chain-fatty-acyl-AMPs; CPD-10244; CPD-730); CO-A; ATP)	(Long-Chain-Acyl-CoAs=(CPD0-2186; CPD-17578; Mycolipenyl-CoA; Long-Chain-3S-Hydroxyacyl-CoAs; CPD-21036; CPD0-2228; CPD-14426; CPD-17621); PPI; AMP)	-	-
RXN0-882	Chemical-Reactions; Small-Molecule-Reactions	-	ENZRXN6B-2194	(HYDROXY-METHYL-BUTENYL-DIP; Oxidized-ferredoxins; WATER)	(2C-METH-D-ERYTHRITOL-CYCLODIPHOSPHATE; Reduced-ferredoxins; PROTON)	-	-
1.8.4.9-RXN	Chemical-Reactions; Small-Molecule-Reactions	-	ENZRXN6B-326	(PROTON; SO3; AMP; OXIDIZED-GLUTATHIONE)	(APS; GLUTATHIONE)	-	-
2PGADEHYDRAT-RXN	Chemical-Reactions; Small-Molecule-Reactions	-	ENZRXN6B-1258	(2-PG)	(PHOSPHO-ENOL-PYRUVATE; WATER)	-	-
RXN-13306	Chemical-Reactions; Small-Molecule-Reactions	-	-	(CPD-9965; NADP)	(CPD-14280; NADPH; PROTON)	-	-
RXN-8365	Chemical-Reactions; Small-Molecule-Reactions	-	-	(CPD-8163; OXYGEN-MOLECULE; Reduced-ferredoxins; PROTON)	(CPD-8164; WATER; Oxidized-ferredoxins)	-	-
4.2.1.61-RXN	Protein-Modification-Reactions	-	-	(R-3-Hydroxypalmitoyl-ACPs)	(WATER; 2-Hexadecenoyl-ACPs)	<small>D</small>-3-hydroxypalmitoyl-[acyl-carrier-protein] dehydratase; &beta;-hydroxypalmitoyl-acyl carrier protein dehydrase; &beta;-hydroxypalmitoyl thioester dehydratase; &beta;-hydroxypalmityl-ACP dehydrase; (3<em>R</em>)-3-hydroxypalmitoyl-[acyl-carrier-protein] hydro-lyase; (3<em>R</em>)-3-hydroxypalmitoyl-[acyl-carrier-protein] hydro-lyase (hexadec-2-enoyl-[acyl-carrier protein]-forming)	-
RXN-7799	Chemical-Reactions; Small-Molecule-Reactions	-	-	(CPD3DJ-82=(Inositolphosphoryl-Ceramides; Plant-Ceramide-Phosphate; Ceramide-NdS); ATP)	(Plant-Ceramide-Phosphate; ADP; PROTON)	-	-
CARBAMATE-KINASE-RXN	Composite-Reactions; Small-Molecule-Reactions	-	-	(AMMONIUM; HCO3; ATP)	(CARBAMOYL-P; ADP; WATER; PROTON)	-	RXN-14196; RXN-19659
RXNIO2-6	Chemical-Reactions; Small-Molecule-Reactions	-	-	(CPDIO2-7; Donor-H2; OXYGEN-MOLECULE)	(CPDIO2-8; Acceptor; WATER)	-	-
RXN-1381	Chemical-Reactions; Small-Molecule-Reactions	-	ENZRXN6B-2007; ENZRXN6B-2005; ENZRXN6B-1141	(ACYL-COA=(Cis-Delta-11-acyl-CoAs; R-2-METHYLACYL-COA; Trans-Delta-11-acyl-CoAs; S-2-METHYLACYL-COA); GLYCEROL-3P)	(ACYL-SN-GLYCEROL-3P); CO-A)	-	-
SEDOBISALDOL-RXN	Chemical-Reactions; Small-Molecule-Reactions	-	-	(DIHYDROXY-ACETONE-PHOSPHATE; ERYTHROSE-4P)	(D-SEDOHEPTULOSE-1-7-P2)	-	-
RXN-16048	Chemical-Reactions; Small-Molecule-Reactions	-	ENZRXN6B-1035; ENZRXN6B-565	(Palmitoyl-lipid=(CPD-17295); OXYGEN-MOLECULE; Reduced-ferredoxins; PROTON)	(CPD-17294=(CPD-17296); WATER; Oxidized-ferredoxins)	-	-
1TRANSKETO-RXN	Chemical-Reactions; Small-Molecule-Reactions	-	ENZRXN6B-2284	(D-SEDOHEPTULOSE-7-P; GAP)	(RIBOSE-5P=(CPD-15317; CPD-15895); XYLULOSE-5-PHOSPHATE)	-	-
RXN-13300	Chemical-Reactions; Small-Molecule-Reactions	-	-	(CPD-14277; NADP)	(CPD-14273; NADPH; PROTON)	-	-
RXN-11750	Chemical-Reactions; Small-Molecule-Reactions	-	ENZRXN6B-3124; ENZRXN6B-1192	(Very-Long-Chain-3-Hydroxyacyl-CoAs=(CPD-14276; CPD-14278; CPD-14277))	(Very-Long-Chain-Trans-23-Dehydroacyl-CoA=(CPD-14282; CPD-14283; CPD-14281); WATER)	-	-
RXN-9539	Protein-Modification-Reactions	3-oxo-palmitoyl-[acyl-carrier protein] synthase	-	(Myristoyl-ACPs; MALONYL-ACP; PROTON)	(3-oxo-palmitoyl-ACPs; CARBON-DIOXIDE; ACP)	-	-
RXN-9659	Protein-Modification-Reactions	<i>trans</i> oct-2-enoyl-[acp] reductase	-	(Octanoyl-ACPs; NAD)	(2-Octenoyl-ACPs; NADH; PROTON)	-	-
RXN-7792	Chemical-Reactions; Small-Molecule-Reactions	-	ENZRXN6B-3241	(ACYL-COA=(Cis-Delta-11-acyl-CoAs; R-2-METHYLACYL-COA; Trans-Delta-11-acyl-CoAs; S-2-METHYLACYL-COA); CPD-13612)	(CPD3DJ-82=(Inositolphosphoryl-Ceramides; Plant-Ceramide-Phosphate; Ceramide-NdS); CO-A; PROTON)	-	-
CITSYN-RXN	Chemical-Reactions; Small-Molecule-Reactions	-	ENZRXN6B-2563; ENZRXN6B-1284; ENZRXN6B-1254	(ACETYL-COA; WATER; OXALACETIC_ACID)	(CIT; CO-A; PROTON)	Condensing enzyme; citrate synthesis	-
RXNIO2-1	Chemical-Reactions; Small-Molecule-Reactions	-	-	(CPDIO2-3; Donor-H2; OXYGEN-MOLECULE)	(CPDIO2-4; Acceptor; WATER)	-	-
3.1.2.21-RXN	Protein-Modification-Reactions	-	-	(Dodecanoyl-ACPs; WATER)	(ACP; DODECANOATE; PROTON)	-	-
RXN-16049	Chemical-Reactions; Small-Molecule-Reactions	-	ENZRXN6B-3155	(CPD-17293=(CPD-17297); OXYGEN-MOLECULE; Reduced-ferredoxins; PROTON)	(CPD-17292=(CPD-17298); WATER; Oxidized-ferredoxins)	-	-
RXN-7698	Chemical-Reactions; Small-Molecule-Reactions	-	ENZRXN6B-717	(Very-Long-Chain-3-Hydroxyacyl-CoAs=(CPD-14276; CPD-14278; CPD-14277); NADP)	(Very-Long-Chain-oxoacyl-CoAs=(CPD-10283; CPD-14274; CPD-14273); NADPH; PROTON)	-	-
SHIKIMATE-KINASE-RXN	Chemical-Reactions; Small-Molecule-Reactions	-	ENZRXN6B-3607	(SHIKIMATE; ATP)	(PROTON; SHIKIMATE-5P; ADP)	-	-
PGLYCDEHYDROG-RXN	Chemical-Reactions; Small-Molecule-Reactions	-	ENZRXN6B-2619; ENZRXN6B-966; ENZRXN6B-965	(G3P; NAD)	(PROTON; 3-P-HYDROXYPYRUVATE; NADH)	-	-
4-HYDROXYPHENYLPYRUVATE-DIOXYGENASE-RXN	Chemical-Reactions; Small-Molecule-Reactions	-	ENZRXN6B-3197; ENZRXN6B-1075	(P-HYDROXY-PHENYLPYRUVATE; OXYGEN-MOLECULE)	(CARBON-DIOXIDE; HOMOGENTISATE)	-	-
2.7.1.148-RXN	Chemical-Reactions; Small-Molecule-Reactions	-	ENZRXN6B-3661	(4-CYTIDINE-5-DIPHOSPHO-2-C; ATP)	(PROTON; 2-PHOSPHO-4-CYTIDINE-5-DIPHOSPHO-2-C-MET; ADP)	-	-
PEPDEPHOS-RXN	Chemical-Reactions; Small-Molecule-Reactions	-	ENZRXN6B-3806; ENZRXN6B-2591; ENZRXN6B-1998; ENZRXN6B-930; ENZRXN6B-721; ENZRXN6B-720; ENZRXN6B-590	(PYRUVATE; ATP)	(PROTON; PHOSPHO-ENOL-PYRUVATE; ADP)	-	-
RXN-13296	Chemical-Reactions; Small-Molecule-Reactions	-	-	(MALONYL-COA; CPD-10280; PROTON)	(CPD-14274; CARBON-DIOXIDE; CO-A)	-	-
RXN-9515	Protein-Modification-Reactions	crotonyl-[acyl-carrier protein] reductase (NADP)	-	(Butanoyl-ACPs; NADP)	(Crotonyl-ACPs; NADPH; PROTON)	-	-
GLU6PDEHYDROG-RXN	Chemical-Reactions; Small-Molecule-Reactions	-	ENZRXN6B-3467; ENZRXN6B-2790	(D-glucopyranose-6-phosphate=(ALPHA-GLC-6-P; GLC-6-P); NADP)	(D-6-P-GLUCONO-DELTA-LACTONE; NADPH; PROTON)	-	-
RXN-1225	Chemical-Reactions; Small-Molecule-Reactions	-	ENZRXN6B-3284	(CPD-14553; D-Galactosyl-12-diacyl-glycerols=(Monogalactosyldiacylglycerols-38-3; CPD-17298; Monogalactosyldiacylglycerols-38-6; CPD-17296; Monogalactosyldiacylglycerols-38-4; Monogalactosyldiacylglycerols-38-5; Monogalactosyldiacylglycerols-36-1; Monogalactosyldiacylglycerols-36-2; CPD-17297; CPD-17295; Monogalactosyldiacylglycerols-36-3; CPDIO2-9))	(Galactosyl-galactosyl-diacyl-glycerols=(Digalactosyldiacylglycerols-38-4; Digalactosyldiacylglycerols-34-6; Digalactosyldiacylglycerols-36-2; Digalactosyldiacylglycerols-36-1; Digalactosyldiacylglycerols-34-4; Digalactosyldiacylglycerols-38-3; Digalactosyldiacylglycerols-36-3; Digalactosyldiacylglycerols-38-5; Digalactosyldiacylglycerols-34-5; Digalactosyldiacylglycerols-38-6); UDP; PROTON)	-	-
RXN-13302	Chemical-Reactions; Small-Molecule-Reactions	-	ENZRXN6B-3125	(CPD-14275)	(CPD-14280; WATER)	-	-
4.2.1.59-RXN	Protein-Modification-Reactions	-	-	(3-Hydroxy-octanoyl-ACPs)	(2-Octenoyl-ACPs; WATER)	-	-
RXN-9657	Protein-Modification-Reactions	crotonyl-[acp] reductase	-	(Butanoyl-ACPs; NAD)	(Crotonyl-ACPs; NADH; PROTON)	-	-
RXN0-1134	Composite-Reactions; Protein-Modification-Reactions	-	ENZRXN6B-3902; ENZRXN6B-3887; ENZRXN6B-1116; ENZRXN6B-643	(PYRUVATE; Pyruvate-dehydrogenase-lipoate; PROTON)	(Pyruvate-dehydrogenase-acetylDHlipoyl; CARBON-DIOXIDE)	-	RXN-12583; RXN-12508
2.3.1.180-RXN	Protein-Modification-Reactions	-	ENZRXN6B-795	(ACETYL-COA; MALONYL-ACP; PROTON)	(Acetoacetyl-ACPs; CO-A; CARBON-DIOXIDE)	-	-
RXN-9660	Protein-Modification-Reactions	<i>trans</i>-&Delta;<SUP>2</SUP>-decenoyl-[acp]-reductase	-	(Decanoyl-ACPs; NAD)	(Trans-D2-decenoyl-ACPs; NADH; PROTON)	-	-
RXN0-1132	Protein-Modification-Reactions	-	-	(Pyruvate-dehydrogenase-dihydrolipoate; NAD)	(Pyruvate-dehydrogenase-lipoate; NADH; PROTON)	-	-
RXN-13297	Chemical-Reactions; Small-Molecule-Reactions	-	-	(MALONYL-COA; CPD-10279; PROTON)	(CPD-14273; CARBON-DIOXIDE; CO-A)	-	-
RXN-9536	Protein-Modification-Reactions	3-oxo-meristoyl-[acyl-carrier protein] reductase	-	(R-3-hydroxymyristoyl-ACPs; NADP)	(3-oxo-myristoyl-ACPs; NADPH; PROTON)	-	-
RXN-8369	Chemical-Reactions; Small-Molecule-Reactions	-	-	(CPD-8167; OXYGEN-MOLECULE; Reduced-ferredoxins; PROTON)	(CPD-8168; WATER; Oxidized-ferredoxins)	-	-
1.2.1.13-RXN	Chemical-Reactions; Small-Molecule-Reactions	-	ENZRXN6B-785; ENZRXN6B-784; ENZRXN6B-783	(GAP; Pi; NADP)	(DPG; NADPH; PROTON)	-	-
TRANSALDOL-RXN	Chemical-Reactions; Small-Molecule-Reactions	-	ENZRXN6B-3229; ENZRXN6B-2309; ENZRXN6B-1777	(D-SEDOHEPTULOSE-7-P; GAP)	(FRUCTOSE-6P; ERYTHROSE-4P)	-	-
MALSYN-RXN	Chemical-Reactions; Small-Molecule-Reactions	-	ENZRXN6B-2592	(ACETYL-COA; WATER; GLYOX)	(PROTON; MAL; CO-A)	-	-
RXN-8307	Chemical-Reactions; Small-Molecule-Reactions	-	ENZRXN6B-1038; ENZRXN6B-568	(CPD-8074; OXYGEN-MOLECULE; Reduced-ferredoxins; PROTON)	(CPD-8076; WATER; Oxidized-ferredoxins)	-	-
6PGLUCONOLACT-RXN	Chemical-Reactions; Small-Molecule-Reactions	-	ENZRXN6B-3188; ENZRXN6B-1307	(D-6-P-GLUCONO-DELTA-LACTONE; WATER)	(PROTON; CPD-2961)	-	-
ATP-CITRATE-PRO-S--LYASE-RXN	Chemical-Reactions; Small-Molecule-Reactions	-	ENZRXN6B-3554; ENZRXN6B-1829	(OXALACETIC_ACID; ACETYL-COA; Pi; ADP)	(CIT; CO-A; ATP)	-	-
RXN-2761	Chemical-Reactions; Small-Molecule-Reactions	-	ENZRXN6B-1986	(CPD-21340; HOMOGENTISATE; PROTON)	(2-METHYL-6-SOLANYL-14-BENZOQUINONE; CARBON-DIOXIDE; PPI)	-	-
RXN-12383	Chemical-Reactions; Small-Molecule-Reactions	-	-	(DIACYLGLYCEROL=(1-Palmitoyl-2-Acyl-Glycerols; 1-Linoleoyl-2-Acyl-Glycerols; 1-Oleoyl-2-Acyl-Glycerols; 1-Arachidonoyl-2-Acyl-Glycerols; 1-Acyl-2-Arachidonoyl-Glycerols; 1-acyl-2-oleoyl-glyceride; 1-Stearoyl-2-Acyl-Glycerols))	(Triacylglycerols=(TAG-18-3-32-1s; TAG-18-3-38-4s; TAG-18-3-38-1s; TAG-18-3-36-5s; TAG-18-3-38-2s; TAG-18-3-36-1s; TAG-18-3-34-2s; TAG-18-3-40-2s; TAG-18-3-32-2s; TAG-18-3-36-6s; TAG-18-3-38-5s; TAG-18-3-36-3s; TAG-18-3-34-3s; TAG-18-3-40-3s; TAG-18-3-34-0s; TAG-18-3-40-0s; TAG-18-3-32-0s; TAG-18-3-38-3s; TAG-18-3-38-0s; TAG-18-3-36-4s; TAG-18-3-34-1; TAG-18-3-36-0s; TAG-18-3-40-4s; TAG-18-3-40-1s); CPD-409)	-	-
PHOSGLYPHOS-RXN	Chemical-Reactions; Small-Molecule-Reactions	-	ENZRXN6B-1863; ENZRXN6B-1171	(G3P; ATP)	(DPG; ADP)	-	-
RXN-9662	Protein-Modification-Reactions	<i>trans</i> tetradec-2-enoyl-[acp] reductase	-	(Myristoyl-ACPs; NAD)	(Tetradec-2-enoyl-ACPs; NADH; PROTON)	-	-
RXN0-5114	Chemical-Reactions; Small-Molecule-Reactions	-	-	(3-P-SERINE; WATER)	(SER; Pi)	-	-
RXNIO2-5	Chemical-Reactions; Small-Molecule-Reactions	-	-	(CPDIO2-6; Donor-H2; OXYGEN-MOLECULE)	(CPDIO2-7; Acceptor; WATER)	-	-
SUCCINATE-DEHYDROGENASE-UBIQUINONE-RXN	Electron-Transfer-Reactions; Small-Molecule-Reactions	-	-	(Ubiquinones=(UBIQUINONE-6); SUC)	(Ubiquinols=(UBIQUINOL-30); FUM)	-	RXN0-5244; RXN0-5245
PHOSPHATIDATE-PHOSPHATASE-RXN	Chemical-Reactions; Small-Molecule-Reactions	-	ENZRXN6B-2446; ENZRXN6B-2440; ENZRXN6B-2402; ENZRXN6B-1895; ENZRXN6B-1256	(L-PHOSPHATIDATE=(Phosphatidates-34-2; Phosphatidates-36-3; 1-Palmitoyl-2-Acyl-Glycerol-P; 1-Arachidonoyl-2-Acyl-Glycerol-P; Phosphatidates-36-5; Phosphatidates-34-1; Phosphatidates-34-4; 1-Stearoyl-2-Acyl-Glycerol-P; Phosphatidates-36-4; Phosphatidates-36-6; Phosphatidates-34-6; Phosphatidates-34-3; 2-Stearoyl-L-Phosphatidate; 1-Linoleoyl-2-Acyl-Glycerol-P; 1-Oleoyl-2-Acyl-Glycerol-P; 1-Acyl-2-Arachidonoyl-Glycerol-P); WATER)	(DIACYLGLYCEROL=(1-Palmitoyl-2-Acyl-Glycerols; 1-Linoleoyl-2-Acyl-Glycerols; 1-Oleoyl-2-Acyl-Glycerols; 1-Arachidonoyl-2-Acyl-Glycerols; 1-Acyl-2-Arachidonoyl-Glycerols; 1-acyl-2-oleoyl-glyceride; 1-Stearoyl-2-Acyl-Glycerols); Pi)	-	-
RXN-8294	Chemical-Reactions; Small-Molecule-Reactions	-	ENZRXN6B-3483; ENZRXN6B-2844	(CPD-2187; OXYGEN-MOLECULE; Reduced-ferredoxins; PROTON)	(CPD-8073; WATER; Oxidized-ferredoxins)	-	-
RXN-7793	Chemical-Reactions; Small-Molecule-Reactions	-	-	(CPD-12575; CPD3DJ-82=(Inositolphosphoryl-Ceramides; Plant-Ceramide-Phosphate; Ceramide-NdS))	(Glucosyl-acyl-sphinganines=(Lactosyl-Ceramides); UDP; PROTON)	-	-
SQUALENE-MONOOXYGENASE-RXN	Chemical-Reactions; Small-Molecule-Reactions	-	ENZRXN6B-1090	(SQUALENE; OXYGEN-MOLECULE; Red-NADPH-Hemoprotein-Reductases)	(EPOXYSQUALENE; WATER; Ox-NADPH-Hemoprotein-Reductases)	-	-
RXN-8298	Chemical-Reactions; Small-Molecule-Reactions	-	ENZRXN6B-3485; ENZRXN6B-2846	(CPD-8077; OXYGEN-MOLECULE; Reduced-ferredoxins; PROTON)	(CPD-2189; WATER; Oxidized-ferredoxins)	-	-
RXN-7801	Chemical-Reactions; Small-Molecule-Reactions	-	-	(CPD3DJ-82=(Inositolphosphoryl-Ceramides; Plant-Ceramide-Phosphate; Ceramide-NdS); O-Glucosylsterols=(Cholesteryl-glucosides))	(Glucosyl-acyl-sphinganines=(Lactosyl-Ceramides); Sterols=(Muricholates; 3alpha-hydroxysteroyl-CoA; 3-Oxosteroyl-CoA; 3b-hydroxy-D5-steroids; CPD-12920; 57222428-ERGOSTATETRAENOL; CPD-12919; CPD-18813))	-	-
RXN-11341	Chemical-Reactions; Small-Molecule-Reactions	-	-	(Glucosyl-acyl-sphinganines=(Lactosyl-Ceramides); OXYGEN-MOLECULE; FERROCYTOCHROME-B5; PROTON)	(Glucosyl-acyl-sphingosines; FERRICYTOCHROME-B5; WATER)	-	-
SULFATE-ADENYLYLTRANS-RXN	Chemical-Reactions; Small-Molecule-Reactions	-	ENZRXN6B-1000; ENZRXN6B-961	(PROTON; SULFATE; ATP)	(APS; PPI)	-	-
PSERTRANSAM-RXN	Chemical-Reactions; Small-Molecule-Reactions	-	ENZRXN6B-1492	(3-P-SERINE; 2-KETOGLUTARATE)	(GLT; 3-P-HYDROXYPYRUVATE)	-	-
DXPREDISOM-RXN	Chemical-Reactions; Small-Molecule-Reactions	-	ENZRXN6B-2644	(2-C-METHYL-D-ERYTHRITOL-4-PHOSPHATE; NADP)	(DEOXYXYLULOSE-5P; NADPH; PROTON)	-	-
RXN3O-1380	Chemical-Reactions; Small-Molecule-Reactions	dihydrospingosine C-4 hydroxylase	-	(CPD-13612; OXYGEN-MOLECULE; FERROCYTOCHROME-B5; PROTON)	(PHYTOSPINGOSINE; WATER; FERRICYTOCHROME-B5)	sphinganine C4-monooxygenase	-
RXN-8299	Chemical-Reactions; Small-Molecule-Reactions	-	-	(CPD-2189; OXYGEN-MOLECULE; Reduced-ferredoxins; PROTON)	(CPD-8078; WATER; Oxidized-ferredoxins)	-	-
SULFITE-REDUCTASE-FERREDOXIN-RXN	Protein-Modification-Reactions	-	ENZRXN6B-2999	(HS; Oxidized-ferredoxins; WATER)	(SO3; Reduced-ferredoxins; PROTON)	-	-
RXN-12959	Chemical-Reactions; Small-Molecule-Reactions	-	-	(CTP; DIACYLGLYCEROL=(1-Palmitoyl-2-Acyl-Glycerols; 1-Linoleoyl-2-Acyl-Glycerols; 1-Oleoyl-2-Acyl-Glycerols; 1-Arachidonoyl-2-Acyl-Glycerols; 1-Acyl-2-Arachidonoyl-Glycerols; 1-acyl-2-oleoyl-glyceride; 1-Stearoyl-2-Acyl-Glycerols))	(CDP; L-PHOSPHATIDATE=(Phosphatidates-34-2; Phosphatidates-36-3; 1-Palmitoyl-2-Acyl-Glycerol-P; 1-Arachidonoyl-2-Acyl-Glycerol-P; Phosphatidates-36-5; Phosphatidates-34-1; Phosphatidates-34-4; 1-Stearoyl-2-Acyl-Glycerol-P; Phosphatidates-36-4; Phosphatidates-36-6; Phosphatidates-34-6; Phosphatidates-34-3; 2-Stearoyl-L-Phosphatidate; 1-Linoleoyl-2-Acyl-Glycerol-P; 1-Oleoyl-2-Acyl-Glycerol-P; 1-Acyl-2-Arachidonoyl-Glycerol-P); PROTON)	-	-
GLUTAMINESYN-RXN	Chemical-Reactions; Small-Molecule-Reactions	-	ENZRXN6B-3550; ENZRXN6B-3549; ENZRXN6B-992; ENZRXN6B-946; ENZRXN6B-945; ENZRXN6B-944; ENZRXN6B-943	(AMMONIUM; GLT; ATP)	(PROTON; GLN; ADP; Pi)	type I glutamate--ammonia ligase	-
RXN-9516	Protein-Modification-Reactions	3-oxo-hexanoyl-[acyl-carrier protein] synthase	-	(Butanoyl-ACPs; MALONYL-ACP; PROTON)	(3-oxo-hexanoyl-ACPs; CARBON-DIOXIDE; ACP)	-	-
RXN-16393	Chemical-Reactions; Small-Molecule-Reactions	-	-	(DODECANOATE; CO-A; ATP)	(LAUROYLCOA-CPD; PPI; AMP)	-	-
RIB5PISOM-RXN	Chemical-Reactions; Small-Molecule-Reactions	-	ENZRXN6B-2437; ENZRXN6B-1009	(RIBOSE-5P=(CPD-15317; CPD-15895))	(RIBULOSE-5P)	-	-
RXN-15479	Electron-Transfer-Reactions; Protein-Modification-Reactions	-	ENZRXN6B-3788; ENZRXN6B-3685; ENZRXN6B-2735; ENZRXN6B-2734; ENZRXN6B-2176; ENZRXN6B-2082; ENZRXN6B-1878; ENZRXN6B-1227; ENZRXN6B-760; ENZRXN6B-374; ENZRXN6B-322	(Oxidized-Plastocyanins; Reduced-ferredoxins)	(Light; Plastocyanin-Reduced; Oxidized-ferredoxins)	-	RXN-15490; RXN-12647; RXN-15468
4.2.1.58-RXN	Protein-Modification-Reactions	(3<em>R</em>)-3-hydroxybutanoyl-[acyl-carrier-protein] hydratase	-	(Beta-3-hydroxybutyryl-ACPs)	(WATER; Crotonyl-ACPs)	crotonoyl-[acyl-carrier-protein] hydratase; &beta;-hydroxybutyryl acyl carrier protein (ACP) dehydrase; &beta;-hydroxybutyryl acyl carrier protein dehydrase; enoyl acyl carrier protein hydrase; crotonyl acyl carrier protein hydratase; 3-hydroxybutyryl acyl carrier protein dehydratase; &beta;-hydroxybutyryl acyl carrier  protein dehydrase; (3<em>R</em>)-3-hydroxybutanoyl-[acyl-carrier-protein] hydro-lyase (but-2-enoyl-[acyl-carrier protein]-forming); (3<em>R</em>)-3-hydroxybutanoyl-[acyl-carrier-protein] hydro-lyase	-
RXN-13305	Chemical-Reactions; Small-Molecule-Reactions	-	ENZRXN6B-3128	(CPD-14278)	(CPD-14283; WATER)	-	-
RXN-7796	Chemical-Reactions; Small-Molecule-Reactions	-	ENZRXN6B-1250	(CPD3DJ-82=(Inositolphosphoryl-Ceramides; Plant-Ceramide-Phosphate; Ceramide-NdS); OXYGEN-MOLECULE; FERROCYTOCHROME-B5; PROTON)	(Alpha-hydroxydihydroceramides=(Ceramide-AdS); FERRICYTOCHROME-B5; WATER)	-	-
RIBULOSE-BISPHOSPHATE-CARBOXYLASE-RXN	Chemical-Reactions; Small-Molecule-Reactions	-	ENZRXN6B-3103; ENZRXN6B-3091; ENZRXN6B-3090; ENZRXN6B-3089; ENZRXN6B-3088; ENZRXN6B-3087; ENZRXN6B-3072; ENZRXN6B-3071; ENZRXN6B-3070	(G3P; PROTON)	(D-RIBULOSE-15-P2; CARBON-DIOXIDE; WATER)	-	-
RXN-9623	Chemical-Reactions; Small-Molecule-Reactions	-	ENZRXN6B-3259; ENZRXN6B-1267; ENZRXN6B-336; ENZRXN6B-76	(PALMITATE; CO-A; ATP)	(PALMITYL-COA; PPI; AMP)	-	-
RXN-9655	Protein-Modification-Reactions	-	-	(Beta-hydroxydecanoyl-ACPs)	(Trans-D2-decenoyl-ACPs; WATER)	(3<em>R</em>)-3-hydroxydecanoyl-[acyl-carrier-protein] hydro-lyase; &beta;-hydroxyacyl-ACP dehydrase; HDDase; &beta;-hydroxyacyl-acyl carrier protein dehydratase; FabA; &beta;-hydroxydecanoyl thiol ester dehydrase; &beta;-hydroxydecanoate dehydrase; <small>D</small>-3-hydroxydecanoyl-[acyl-carrier protein] dehydratase	-
RXN-8366	Chemical-Reactions; Small-Molecule-Reactions	-	-	(CPD-8165; OXYGEN-MOLECULE; Reduced-ferredoxins; PROTON)	(CPD-8167; WATER; Oxidized-ferredoxins)	-	-
PHOSPHOLIPASE-A1-RXN	Chemical-Reactions; Small-Molecule-Reactions	-	ENZRXN6B-3883; ENZRXN6B-3800; ENZRXN6B-2214; ENZRXN6B-2211; ENZRXN6B-2039; ENZRXN6B-2008; ENZRXN6B-1386; ENZRXN6B-886; ENZRXN6B-632	(PHOSPHATIDYLCHOLINE=(Phosphatidylcholines-40-3; Phosphatidylcholines-34-4; Phosphatidylcholines-32-0; Phosphatidylcholines-38-3; Phosphatidylcholines-40-2; Phosphatidylcholines-38-6; 1-arachidonoyl-PC; 1-Oleoyl-PC; Phosphatidylcholines-38-2; Phosphatidylcholines-36-1; phosphatidylcholine-30:0; Phosphatidylcholines-38-5; 1-Stearoyl-PC; 1-ACYL-2-OLEOYL-SN-GLYCERO-3-PHOSPHOCHOL; Phosphatidylcholines-40-5; 1-ACYL-2-LINOLEOYL-SN-GLYCERO-3-PHOSPHOC; Phosphatidylcholines-38-4; 2-arachidonoyl-PC; Phosphatidylcholines-40-4; 1-Linoleoyl-PC); WATER)	(2-Acylglycero-Phosphocholines; Fatty-Acids=(Cutin-Monomers); PROTON)	-	-
RXN0-302	Chemical-Reactions; Small-Molecule-Reactions	-	ENZRXN6B-1309	(2-PHOSPHO-4-CYTIDINE-5-DIPHOSPHO-2-C-MET)	(2C-METH-D-ERYTHRITOL-CYCLODIPHOSPHATE; CMP)	-	-
TRANS-RXN-228	Small-Molecule-Reactions; Transport-Reactions	-	-	(L-CITRULLINE)	(L-CITRULLINE)	-	-
CYTOCHROME-C-OXIDASE-RXN	Electron-Transfer-Reactions; Protein-Modification-Reactions	-	ENZRXN6B-3573; ENZRXN6B-3572; ENZRXN6B-3510; ENZRXN6B-1821; ENZRXN6B-1592; ENZRXN6B-1591; ENZRXN6B-262	(OXYGEN-MOLECULE; PROTON; Cytochromes-C-Reduced)	(PROTON; WATER; Cytochromes-C-Oxidized)	-	RXN-13519; RXN0-5265; RXN-15815
RXN-8297	Chemical-Reactions; Small-Molecule-Reactions	-	-	(CPD-8075; OXYGEN-MOLECULE; Reduced-ferredoxins; PROTON)	(CPD-8076; WATER; Oxidized-ferredoxins)	-	-
RXN-13307	Chemical-Reactions; Small-Molecule-Reactions	-	-	(CPD-10279; NADP)	(CPD-14281; NADPH; PROTON)	-	-
RXN-7902	Protein-Modification-Reactions	-	ENZRXN6B-3626	(ACYL-ACP; WATER)	(Fatty-Acids=(Cutin-Monomers); ACP; PROTON)	-	-
RXNIO2-7	Chemical-Reactions; Small-Molecule-Reactions	-	-	(CPD-2190)	(PROTON; CPDIO2-9)	-	-
RXN-14971	Electron-Transfer-Reactions; Small-Molecule-Reactions	-	ENZRXN6B-2754; ENZRXN6B-2254; ENZRXN6B-1902	(ETR-Quinones=(Rhodoquinones; PLASTOQUINONE); SUC)	(ETR-Quinols=(Rhodoquinols; CPD-12831); FUM)	-	RXN0-5259; RXN0-5245
DIACYLGLYCEROL-O-ACYLTRANSFERASE-RXN	Chemical-Reactions; Small-Molecule-Reactions	-	ENZRXN6B-3610; ENZRXN6B-3190; ENZRXN6B-2983; ENZRXN6B-2791; ENZRXN6B-107; ENZRXN6B-14	(ACYL-COA=(Cis-Delta-11-acyl-CoAs; R-2-METHYLACYL-COA; Trans-Delta-11-acyl-CoAs; S-2-METHYLACYL-COA); DIACYLGLYCEROL=(1-Palmitoyl-2-Acyl-Glycerols; 1-Linoleoyl-2-Acyl-Glycerols; 1-Oleoyl-2-Acyl-Glycerols; 1-Arachidonoyl-2-Acyl-Glycerols; 1-Acyl-2-Arachidonoyl-Glycerols; 1-acyl-2-oleoyl-glyceride; 1-Stearoyl-2-Acyl-Glycerols))	(Triacylglycerols=(TAG-18-3-32-1s; TAG-18-3-38-4s; TAG-18-3-38-1s; TAG-18-3-36-5s; TAG-18-3-38-2s; TAG-18-3-36-1s; TAG-18-3-34-2s; TAG-18-3-40-2s; TAG-18-3-32-2s; TAG-18-3-36-6s; TAG-18-3-38-5s; TAG-18-3-36-3s; TAG-18-3-34-3s; TAG-18-3-40-3s; TAG-18-3-34-0s; TAG-18-3-40-0s; TAG-18-3-32-0s; TAG-18-3-38-3s; TAG-18-3-38-0s; TAG-18-3-36-4s; TAG-18-3-34-1; TAG-18-3-36-0s; TAG-18-3-40-4s; TAG-18-3-40-1s); CO-A)	-	-
RXNIO2-4	Chemical-Reactions; Small-Molecule-Reactions	-	ENZRXN6B-3775	(CPDIO2-5; Donor-H2; OXYGEN-MOLECULE)	(CPDIO2-6; Acceptor; WATER)	-	-
MALONYL-COA-ACP-TRANSACYL-RXN	Protein-Modification-Reactions	-	ENZRXN6B-2236; ENZRXN6B-1603	(MALONYL-COA; ACP)	(CO-A; MALONYL-ACP)	-	-
RXN-9540	Protein-Modification-Reactions	3-oxo-palmitoyl-[acyl-carrier protein] reductase	-	(R-3-Hydroxypalmitoyl-ACPs; NADP)	(3-oxo-palmitoyl-ACPs; NADPH; PROTON)	-	-
PLASTOQUINOL--PLASTOCYANIN-REDUCTASE-RXN	Electron-Transfer-Reactions; Protein-Modification-Reactions	-	ENZRXN6B-1473; ENZRXN6B-1472; ENZRXN6B-1317	(Plastoquinols=(CPD-12829); Oxidized-Plastocyanins; PROTON)	(PLASTOQUINONE; Plastocyanin-Reduced; PROTON)	-	RXN-15451; RXN-12647
TRANS-OCTAPRENYLTRANSTRANSFERASE-RXN	Chemical-Reactions; Small-Molecule-Reactions	-	ENZRXN6B-922	(GERANYL-PP; DELTA3-ISOPENTENYL-PP)	(CPD-21340; PPI)	-	-
BIOTINLIG-RXN	Composite-Reactions; Protein-Modification-Reactions	-	ENZRXN6B-1533; ENZRXN6B-344	(BCCP-L-lysine; BIOTIN; ATP)	(PPI; AMP; BCCP-biotin-L-lysine; PROTON)	-	-
ENOYL-ACP-REDUCT-NADPH-RXN	Protein-Modification-Reactions	2,3,4-saturated fatty acyl-[acp] dehydrogenase	ENZRXN6B-3667; ENZRXN6B-3094; ENZRXN6B-3093; ENZRXN6B-3092	(Saturated-Fatty-Acyl-ACPs; NADP)	(NADPH; TRANS-D2-ENOYL-ACP; PROTON)	-	-
RXN-9520	Protein-Modification-Reactions	-	-	(R-3-hydroxyhexanoyl-ACPs)	(Hex-2-enoyl-ACPs; WATER)	-	-
2.3.1.158-RXN	Chemical-Reactions; Small-Molecule-Reactions	-	ENZRXN6B-3609; ENZRXN6B-3279; ENZRXN6B-2895; ENZRXN6B-2894; ENZRXN6B-2336; ENZRXN6B-554	(DIACYLGLYCEROL=(1-Palmitoyl-2-Acyl-Glycerols; 1-Linoleoyl-2-Acyl-Glycerols; 1-Oleoyl-2-Acyl-Glycerols; 1-Arachidonoyl-2-Acyl-Glycerols; 1-Acyl-2-Arachidonoyl-Glycerols; 1-acyl-2-oleoyl-glyceride; 1-Stearoyl-2-Acyl-Glycerols); Phospholipids=(Mannosylinositol-phosphorylceramides))	(Triacylglycerols=(TAG-18-3-32-1s; TAG-18-3-38-4s; TAG-18-3-38-1s; TAG-18-3-36-5s; TAG-18-3-38-2s; TAG-18-3-36-1s; TAG-18-3-34-2s; TAG-18-3-40-2s; TAG-18-3-32-2s; TAG-18-3-36-6s; TAG-18-3-38-5s; TAG-18-3-36-3s; TAG-18-3-34-3s; TAG-18-3-40-3s; TAG-18-3-34-0s; TAG-18-3-40-0s; TAG-18-3-32-0s; TAG-18-3-38-3s; TAG-18-3-38-0s; TAG-18-3-36-4s; TAG-18-3-34-1; TAG-18-3-36-0s; TAG-18-3-40-4s; TAG-18-3-40-1s); Lysophospholipids))	-	-
RXN-13162	Composite-Reactions; Small-Molecule-Reactions	-	ENZRXN6B-138	(FARNESYL-PP; NADH-P-OR-NOP=(NADPH; NADH); PROTON)	(SQUALENE; PPI; NAD-P-OR-NOP=(NAD; NADP))	-	RXN-12263; RXN66-281
3-OXOACYL-ACP-SYNTH-BASE-RXN	Protein-Modification-Reactions	-	-	(ACETYL-ACP; MALONYL-ACP; PROTON)	(ACP; Acetoacetyl-ACPs; CARBON-DIOXIDE)	-	-
RXN-7795	Chemical-Reactions; Small-Molecule-Reactions	-	ENZRXN6B-3640; ENZRXN6B-3639; ENZRXN6B-1799	(L-1-phosphatidyl-inositols=(Phosphatidylinositols-34-3; Phosphatidylinositols-36-1; CPD-452; Phosphatidylinositols-36-6; Phosphatidylinositols-36-4; 1-Acyl-2-Arachindonoyl-PIs; Phosphatidylinositols-34-4; Phosphatidylinositols-36-5; Phosphatidylinositols-36-3; Phosphatidylinositols-34-2; Phosphatidylinositols-36-2; Phosphatidylinositols-34-1; CPD-1113); CPD3DJ-82=(Inositolphosphoryl-Ceramides; Plant-Ceramide-Phosphate; Ceramide-NdS))	(Inositolphosphoryl-Ceramides; DIACYLGLYCEROL=(1-Palmitoyl-2-Acyl-Glycerols; 1-Linoleoyl-2-Acyl-Glycerols; 1-Oleoyl-2-Acyl-Glycerols; 1-Arachidonoyl-2-Acyl-Glycerols; 1-Acyl-2-Arachidonoyl-Glycerols; 1-acyl-2-oleoyl-glyceride; 1-Stearoyl-2-Acyl-Glycerols))	-	-
RXN-1623	Chemical-Reactions; Small-Molecule-Reactions	-	ENZRXN6B-2095; ENZRXN6B-1390; ENZRXN6B-1389; ENZRXN6B-1087; ENZRXN6B-497; ENZRXN6B-126	(ACYL-COA=(Cis-Delta-11-acyl-CoAs; R-2-METHYLACYL-COA; Trans-Delta-11-acyl-CoAs; S-2-METHYLACYL-COA); ACYL-SN-GLYCEROL-3P))	(L-PHOSPHATIDATE=(Phosphatidates-34-2; Phosphatidates-36-3; 1-Palmitoyl-2-Acyl-Glycerol-P; 1-Arachidonoyl-2-Acyl-Glycerol-P; Phosphatidates-36-5; Phosphatidates-34-1; Phosphatidates-34-4; 1-Stearoyl-2-Acyl-Glycerol-P; Phosphatidates-36-4; Phosphatidates-36-6; Phosphatidates-34-6; Phosphatidates-34-3; 2-Stearoyl-L-Phosphatidate; 1-Linoleoyl-2-Acyl-Glycerol-P; 1-Oleoyl-2-Acyl-Glycerol-P; 1-Acyl-2-Arachidonoyl-Glycerol-P); CO-A)	-	-
RXN-8368	Chemical-Reactions; Small-Molecule-Reactions	-	-	(CPD-8166; OXYGEN-MOLECULE; Reduced-ferredoxins; PROTON)	(CPD-8168; WATER; Oxidized-ferredoxins)	-	-
RXN0-1133	Protein-Modification-Reactions	-	ENZRXN6B-1980; ENZRXN6B-1586; ENZRXN6B-558	(ACETYL-COA; Pyruvate-dehydrogenase-dihydrolipoate)	(CO-A; Pyruvate-dehydrogenase-acetylDHlipoyl)	-	-
RXN-9531	Protein-Modification-Reactions	3-oxo-dodecanoyl-[acyl-carrier protein] synthase	-	(Decanoyl-ACPs; MALONYL-ACP; PROTON)	(3-oxo-dodecanoyl-ACPs; CARBON-DIOXIDE; ACP)	-	-
RXN-1223	Chemical-Reactions; Small-Molecule-Reactions	-	ENZRXN6B-2199	(UDP-SULFOQUINOVOSE; WATER)	(CPD-12575; SO3; PROTON)	-	-
IPPISOM-RXN	Chemical-Reactions; Small-Molecule-Reactions	-	ENZRXN6B-3001; ENZRXN6B-2575; ENZRXN6B-1721; ENZRXN6B-1720	(DELTA3-ISOPENTENYL-PP)	(CPD-4211)	-	-
RXN-9658	Protein-Modification-Reactions	<i>trans</i> hex-2-enoyl-[acp]-reductase	-	(Hexanoyl-ACPs; NAD)	(Hex-2-enoyl-ACPs; NADH; PROTON)	-	-
3-DEHYDROQUINATE-DEHYDRATASE-RXN	Chemical-Reactions; Small-Molecule-Reactions	-	-	(DEHYDROQUINATE)	(WATER; 3-DEHYDRO-SHIKIMATE)	-	-
RXN-13304	Chemical-Reactions; Small-Molecule-Reactions	-	ENZRXN6B-3127	(CPD-14277)	(CPD-14282; WATER)	-	-
RXN-9514	Protein-Modification-Reactions	acetoacetyl-[acyl-carrier protein] reductase	-	(Beta-3-hydroxybutyryl-ACPs; NADP)	(Acetoacetyl-ACPs; NADPH; PROTON)	-	-
RXNIO2-3	Chemical-Reactions; Small-Molecule-Reactions	-	ENZRXN6B-3774	(CPD-8289; Donor-H2; OXYGEN-MOLECULE)	(CPD-8290; Acceptor; WATER)	-	-
RXN-8314	Chemical-Reactions; Small-Molecule-Reactions	-	-	(CPD-8083; OXYGEN-MOLECULE; Reduced-ferredoxins; PROTON)	(CPD-8081; WATER; Oxidized-ferredoxins)	-	-
RXN0-5055	Protein-Modification-Reactions	-	-	(ACETYL-COA; carboxybiotin-L-lysine-in-BCCP-dimers)	(MALONYL-COA; biotin-L-lysine-in-BCCP-dimers)	-	-
RXN-15490	Light-Interactions	-	-	-	(Light)	-	-
RXN-15447	Redox-Half-Reactions	-	-	(PLASTOQUINONE; E-; PROTON)	(Plastoquinols=(CPD-12829))	-	-
RXN0-5265	Redox-Half-Reactions	-	-	(OXYGEN-MOLECULE; PROTON; E-)	(WATER)	-	-
RXN0-5244	Redox-Half-Reactions	-	-	(Ubiquinones=(UBIQUINONE-6); PROTON; E-)	(Ubiquinols=(UBIQUINOL-30))	-	-
RXN-13519	Small-Molecule-Reactions; Transport-Reactions	vectoral H<SUP>+</SUP> export	-	(PROTON)	(PROTON)	-	-
RXN0-5248	Redox-Half-Reactions	-	-	(NAD; PROTON; E-)	(NADH)	-	-
TRANS-RXN-218	Transport-Reactions	-	-	(PROTON)	(PROTON)	-	-
RXN-15815	Redox-Half-Reactions	-	-	(Cytochromes-C-Oxidized; E-)	(Cytochromes-C-Reduced)	-	-
RXN-19772	Redox-Half-Reactions	-	-	(NADP; PROTON; E-)	(NADPH)	-	-
RXN-15468	Redox-Half-Reactions	-	-	(Oxidized-ferredoxins; E-)	(Reduced-ferredoxins)	-	-
RXN-13202	Composite-Reactions; Small-Molecule-Reactions	-	ENZRXN6B-1165; ENZRXN6B-397	(ATP; HCO3; AMMONIUM)	(ADP; Pi; CARBAMOYL-P; PROTON)	-	RXN-16909; RXN-16910; RXN-14196
GLUTAMIN-RXN	Chemical-Reactions; Small-Molecule-Reactions	-	ENZRXN6B-3856; ENZRXN6B-3808; ENZRXN6B-3381; ENZRXN6B-3378; ENZRXN6B-3295; ENZRXN6B-3114; ENZRXN6B-1638; ENZRXN6B-1635; ENZRXN6B-1530; ENZRXN6B-1379; ENZRXN6B-1337; ENZRXN6B-1263; ENZRXN6B-1161; ENZRXN6B-753; ENZRXN6B-694; ENZRXN6B-402; ENZRXN6B-393; ENZRXN6B-196	(GLN; WATER)	(GLT; AMMONIUM)	-	-
2OXOGLUTDECARB-RXN	Protein-Modification-Reactions	-	ENZRXN6B-2961	(2-KETOGLUTARATE; Oxo-glutarate-dehydrogenase-lipoyl; PROTON)	(Oxo-glutarate-dehydro-suc-DH-lipoyl; CARBON-DIOXIDE)	Oxoglutarate decarboxylase; 2-oxoglutarate decarboxylation	-
RXN0-1147	Protein-Modification-Reactions	-	ENZRXN6B-3699; ENZRXN6B-120	(SUC-COA; Oxo-glutarate-dehydrogenase-DH-lipoyl)	(CO-A; Oxo-glutarate-dehydro-suc-DH-lipoyl)	-	-
RXN-7716	Protein-Modification-Reactions	-	-	(Oxo-glutarate-dehydrogenase-DH-lipoyl; NAD)	(Oxo-glutarate-dehydrogenase-lipoyl; NADH; PROTON)	-	-
RXN-14196	Chemical-Reactions; Small-Molecule-Reactions	-	ENZRXN6B-1162; ENZRXN6B-394	(CARBAMATE; ATP)	(CARBAMOYL-P; ADP)	-	-
RXN-19659	Chemical-Reactions; Small-Molecule-Reactions	-	-	(CARBAMATE; WATER; PROTON)	(AMMONIUM; HCO3)	-	-
RXN-12583	Chemical-Reactions; Small-Molecule-Reactions	pyruvate:thiamin diphosphate acetaldehydetransferase (decarboxylating)	ENZRXN6B-3901; ENZRXN6B-3886; ENZRXN6B-1115; ENZRXN6B-642	(PROTON; PYRUVATE; THIAMINE-PYROPHOSPHATE)	(2-ALPHA-HYDROXYETHYL-THPP; CARBON-DIOXIDE)	-	-
RXN-12508	Chemical-Reactions; Small-Molecule-Reactions	2-(&alpha;-hydroxyethyl)-TPP:[dihydrolipoyllysine-residue acetyltransferase]-lipoyllysine acetyltransferase	ENZRXN6B-3900; ENZRXN6B-3885; ENZRXN6B-1114; ENZRXN6B-641	(2-ALPHA-HYDROXYETHYL-THPP; Pyruvate-dehydrogenase-lipoate)	(Pyruvate-dehydrogenase-acetylDHlipoyl; THIAMINE-PYROPHOSPHATE)	-	-
RXN0-5245	Redox-Half-Reactions	-	-	(FUM; PROTON; E-)	(SUC)	-	-
RXN-12647	Redox-Half-Reactions	-	-	(Oxidized-Plastocyanins; E-)	(Plastocyanin-Reduced)	-	-
RXN0-5259	Redox-Half-Reactions	-	-	(ETR-Quinones=(Rhodoquinones; PLASTOQUINONE); PROTON; E-)	(ETR-Quinols=(Rhodoquinols; CPD-12831))	-	-
RXN-15451	Redox-Half-Reactions	-	-	(PLASTOQUINONE; E-; PROTON)	(Plastoquinols=(CPD-12829); PROTON)	-	-
RXN-12263	Chemical-Reactions; Small-Molecule-Reactions	-	ENZRXN6B-137	(FARNESYL-PP)	(CPD-465; PPI)	-	-
RXN66-281	Chemical-Reactions; Small-Molecule-Reactions	squalene synthase	ENZRXN6B-136	(CPD-465; NADH-P-OR-NOP=(NADPH; NADH); PROTON)	(SQUALENE; NAD-P-OR-NOP=(NAD; NADP); PPI)	-	-
RXN-16909	Chemical-Reactions; Small-Molecule-Reactions	-	ENZRXN6B-1164; ENZRXN6B-396	(HCO3; ATP)	(CPD-18238; ADP)	-	-
RXN-16910	Chemical-Reactions; Small-Molecule-Reactions	-	ENZRXN6B-1163; ENZRXN6B-395	(CPD-18238; AMMONIUM)	(CARBAMATE; Pi; PROTON)	-	-
