ID	Super_compound_class	Lipid_Category	Compound_type	Main_Class	Common_name	Abbreviation	Chemical_formula	DB_links	SMILES	Synonyms	Systematic_name
ACYL-COA	SUPER	Fatty acyls	All-Coas	Acyl-Coenzyme A	acyl-CoA	-	['-']	(LIGAND-CPD C00040 NIL |kothari| 3458490026 NIL NIL); (CHEBI 17984 NIL |kothari| 3458490026 NIL NIL)	CC(C)([C@@H](O)C(=O)NCCC(=O)NCCSC(=O)[R])COP(=O)(OP(=O)(OC[C@H]1(O[C@H]([C@@H]([C@@H]1OP([O-])(=O)[O-])O)N2(C3(\N=C/N=C(C(\N=C/2)=3)/N))))[O-])[O-]	fatty acyl thioester-CoA; acyl-CoA; RCH2CH2CO-CoA; acyl-Coenzyme A	['-']
S-2-METHYLACYL-COA	ACYL-COA	Fatty acyls	ACYL-COA	Acyl-Coenzyme A	(2S)-2-methylacyl-CoA	-	['-']	(CHEBI 15451 NIL |kothari| 3493153919 NIL NIL); (LIGAND-CPD C05232 NIL |kothari| 3493153919 NIL NIL)	C[C@@H]([R])C(=O)SCCNC(=O)CCNC(=O)[C@H](O)C(C)(C)COP(=O)(OP(=O)(OC[C@@H]1([C@@H](OP(O)(=O)O)[C@@H](O)[C@@H](O1)N2(C3(\N=C/N=C(C(\N=C/2)=3)/N))))O)O	['-']	['-']
Cis-Delta-11-acyl-CoAs	ACYL-COA	Fatty acyls	ACYL-COA	Acyl-Coenzyme A	(11Z)-enoyl-CoA	-	['-']	-	C(\[R])=C\CCCCCCCCCC(SCCNC(=O)CCNC(=O)[C@H](O)C(C)(C)COP(=O)(OP(=O)(OC[C@@H]1([C@@H](OP([O-])(=O)[O-])[C@@H](O)[C@@H](O1)N2(C3(\N=C/N=C(C(\N=C/2)=3)/N))))[O-])[O-])=O	cis &Delta11 acyl-CoA	['-']
R-2-METHYLACYL-COA	ACYL-COA	Fatty acyls	ACYL-COA	Acyl-Coenzyme A	(2R)-2-methylacyl-CoA	-	['-']	(LIGAND-CPD C05329 NIL |paley| 3551465240 NIL NIL); (CHEBI 15450 NIL |kothari| 3493151888 NIL NIL)	C[C@H]([R])C(=O)SCCNC(=O)CCNC(=O)[C@H](O)C(C)(C)COP(=O)(OP(=O)(OC[C@@H]1([C@@H](OP(O)(=O)O)[C@@H](O)[C@@H](O1)N2(C3(\N=C/N=C(C(\N=C/2)=3)/N))))O)O	['-']	['-']
Trans-Delta-11-acyl-CoAs	ACYL-COA	Fatty acyls	ACYL-COA	Acyl-Coenzyme A	(11E)-enoyl-CoA	-	['-']	-	C(/[R])=C\CCCCCCCCCC(SCCNC(=O)CCNC(=O)[C@H](O)C(C)(C)COP(=O)(OP(=O)(OC[C@@H]1([C@@H](OP([O-])(=O)[O-])[C@@H](O)[C@@H](O1)N2(C3(\N=C/N=C(C(\N=C/2)=3)/N))))[O-])[O-])=O	trans &Delta11 acyl-CoA	['-']
ACYL-SN-GLYCEROL-3P	-	Glycerophospholipids	2-Lyso-phospholipids; Lysophosphatidates	Lysophosphatidic acid	2-lysophosphatidate	-	['-']	(CHEBI 16975 NIL |kothari| 3498845768 NIL NIL); (LIGAND-CPD C00681 NIL |kothari| 3498845728 NIL NIL)	C([C@@H](O)COP([O-])(=O)[O-])OC(=O)[R]	2-lysophosphatidate; acyl-sn-glycerol-3P; acyl-sn-glycerol-3 phosphate	['-']
L-PHOSPHATIDATE	SUPER	Glycerophospholipids	Phosphoglycerides	Phosphatidic acid	phosphatidate	-	['-']	(BIGG pa140 NIL |kothari| 3661824226 NIL NIL); (BIGG pa141 NIL |kothari| 3661824226 NIL NIL); (BIGG pa161 NIL |kothari| 3661824226 NIL NIL); (BIGG pa160 NIL |kothari| 3661824226 NIL NIL); (BIGG pa180 NIL |kothari| 3661824226 NIL NIL); (BIGG pa181 NIL |kothari| 3661824225 NIL NIL); (BIGG pa120 NIL |kothari| 3661824225 NIL NIL); (CHEBI 29089 NIL |caspi| 3658079873 NIL NIL); (|Wikipedia| Phosphatidate NIL |caspi| 3523026352 NIL NIL); (LIGAND-CPD C00416 NIL |kr| 3346617700 NIL NIL)	C(OC([R1])=O)[C@@H](OC(=O)[R2])COP([O-])(=O)[O-]	A 3-SN-phosphatidate; DGP; diacylglycerol phosphate; 3-sn-phosphatidate; diacyl-glycerol-3P; diacylglycerol-3-phosphate; phosphatidic acid; L-phosphatidate; phosphatidate; 1,2-diacylglycerol 3-phosphate	['-']
Phosphatidates-34-4	L-PHOSPHATIDATE	Glycerophospholipids	L-PHOSPHATIDATE	Phosphatidic acid	phosphatidate-34:4	phosphatidic acid-34:4; PA-34:4; PA34:4	['-']	-	['-']	phosphatidic acid-34:4; PA-34:4; PA34:4	['-']
1-Palmitoyl-2-Acyl-Glycerol-P	L-PHOSPHATIDATE	Glycerophospholipids	L-PHOSPHATIDATE	Phosphatidic acid	1-palmitoyl-2-acyl-sn-glycerol 3-phosphate	-	['-']	-	CCCCCCCCCCCCCCCC(=O)OC[C@@H](OC(=O)[R])COP([O-])(=O)[O-]	['-']	['-']
Phosphatidates-34-3	L-PHOSPHATIDATE	Glycerophospholipids	L-PHOSPHATIDATE	Phosphatidic acid	phosphatidate-34:3	phosphatidic acid-34:3; PA-34:3; PA34:3	['-']	-	['-']	phosphatidic acid-34:3; PA-34:3; PA34:3	['-']
1-Linoleoyl-2-Acyl-Glycerol-P	L-PHOSPHATIDATE	Glycerophospholipids	L-PHOSPHATIDATE	Phosphatidic acid	1-linoleoyl-2-acyl-sn-glycerol 3-phosphate	-	['-']	-	CCCCC\C=C/C\C=C/CCCCCCCC(=O)OC[C@@H](OC(=O)[R])COP([O-])(=O)[O-]	['-']	['-']
Phosphatidates-34-2	L-PHOSPHATIDATE	Glycerophospholipids	L-PHOSPHATIDATE	Phosphatidic acid	phosphatidate-34:2	phosphatidic acid-34:2; PA-34:2; PA34:2	['-']	-	['-']	phosphatidic acid-34:2; PA-34:2; PA34:2	['-']
Phosphatidates-36-3	L-PHOSPHATIDATE	Glycerophospholipids	L-PHOSPHATIDATE	Phosphatidic acid	phosphatidate-36:3	phosphatidic acid-36:3; PA-36:3; PA36:3	['-']	-	['-']	phosphatidic acid-36:3; PA-36:3; PA36:3	['-']
Phosphatidates-36-5	L-PHOSPHATIDATE	Glycerophospholipids	L-PHOSPHATIDATE	Phosphatidic acid	phosphatidate-36:5	phosphatidic acid-36:5; PA-36:5; PA36:5	['-']	-	['-']	phosphatidic acid-36:5; PA-36:5; PA36:5	['-']
2-Stearoyl-L-Phosphatidate	L-PHOSPHATIDATE	Glycerophospholipids	L-PHOSPHATIDATE; Stearoyl-lipid	Phosphatidic acid	1-acyl-2-stearoyl-sn-glycerol 3-phosphate	-	['-']	-	CCCCCCCCCCCCCCCCCC(=O)O[C@@H](COP(=O)([O-])[O-])COC(=O)[R]	['-']	['-']
1-Acyl-2-Arachidonoyl-Glycerol-P	L-PHOSPHATIDATE	Glycerophospholipids	L-PHOSPHATIDATE	Phosphatidic acid	1-acyl-2-arachidonoyl-sn-glycerol 3-phosphate	-	['-']	-	CCCCC\C=C/C\C=C/C\C=C/C\C=C/CCCC(=O)O[C@H](COC([R])=O)COP([O-])(=O)[O-]	2-arachidonoyl-PA	['-']
Phosphatidates-34-1	L-PHOSPHATIDATE	Glycerophospholipids	L-PHOSPHATIDATE	Phosphatidic acid	phosphatidate-34:1	phosphatidic acid-34:1; PA-34:1; PA34:1	['-']	-	['-']	phosphatidic acid-34:1; PA-34:1; PA34:1	['-']
Phosphatidates-36-6	L-PHOSPHATIDATE	Glycerophospholipids	L-PHOSPHATIDATE	Phosphatidic acid	phosphatidate-36:6	phosphatidic acid-36:6; PA-36:6; PA36:6	['-']	-	['-']	phosphatidic acid-36:6; PA-36:6; PA36:6	['-']
Phosphatidates-34-6	L-PHOSPHATIDATE	Glycerophospholipids	L-PHOSPHATIDATE	Phosphatidic acid	phosphatidate-34:6	phosphatidic acid-34:6; PA-34:6; PA34:6	['-']	-	['-']	phosphatidic acid-34:6; PA-34:6; PA34:6	['-']
1-Stearoyl-2-Acyl-Glycerol-P	L-PHOSPHATIDATE	Glycerophospholipids	L-PHOSPHATIDATE	Phosphatidic acid	1-stearoyl-2-acyl-sn-glycerol 3-phosphate	-	['-']	-	CCCCCCCCCCCCCCCCCC(=O)OC[C@@H](OC(=O)[R])COP([O-])(=O)[O-]	['-']	['-']
1-Oleoyl-2-Acyl-Glycerol-P	L-PHOSPHATIDATE	Glycerophospholipids	L-PHOSPHATIDATE	Phosphatidic acid	1-oleoyl-2-acyl-sn-glycerol 3-phosphate	-	['-']	-	CCCCCCCC\C=C/CCCCCCCC(=O)OC[C@@H](OC(=O)[R])COP([O-])(=O)[O-]	['-']	['-']
Phosphatidates-36-4	L-PHOSPHATIDATE	Glycerophospholipids	L-PHOSPHATIDATE	Phosphatidic acid	phosphatidate-36:4	phosphatidic acid-36:4; PA-36:4; PA36:4	['-']	-	['-']	phosphatidic acid-36:4; PA-36:4; PA36:4	['-']
1-Arachidonoyl-2-Acyl-Glycerol-P	L-PHOSPHATIDATE	Glycerophospholipids	L-PHOSPHATIDATE	Phosphatidic acid	1-arachidonoyl-2-acyl-sn-glycerol 3-phosphate	-	['-']	-	CCCCC\C=C/C\C=C/C\C=C/C\C=C/CCCC(=O)OC[C@@H](OC(=O)[R])COP([O-])(=O)[O-]	['-']	['-']
CO-A	-	Fatty acyls	Cofactors	Acyl-Coenzyme A	coenzyme A	-	(C 21);(H 32);(N 7);(O 16);(P 3);(S 1)	(BIGG 33502 NIL |kothari| 3584718837 NIL NIL); (REFMET Coenzyme A NIL |midford| 3701443689 NIL NIL); (BIGG coa NIL |kothari| 3661824226 NIL NIL); (|Wikipedia| Coenzyme_a NIL |caspi| 3612121242 NIL NIL); (METABOLIGHTS MTBLC57287 NIL |kothari| 3608991478 NIL NIL); (HMDB HMDB01423 NIL |kothari| 3608601855 NIL NIL); (CHEBI 57287 NIL |taltman| 3498180761 NIL NIL); (PUBCHEM 25113190 NIL |taltman| 3466375284 NIL NIL); (KNAPSACK C00007258 NIL |achi1| 3445698160 NIL NIL); (CAS 85-61-0); (LIGAND-CPD C00010 NIL |sreddy| 3298320400 NIL NIL)	CC(C)([C@@H](O)C(=O)NCCC(=O)NCCS)COP(=O)(OP(=O)(OC[C@H]1(O[C@H]([C@@H]([C@@H]1OP([O-])(=O)[O-])O)N2(C3(\N=C/N=C(C(\N=C/2)=3)/N))))[O-])[O-]	CoA; co-A-SH; co-enzyme-A; co-A; HS-CoA	['-']
S-ADENOSYLMETHIONINE	-	-	Amino-Acid-Derivatives	-	S-adenosyl-L-methionine	SAM	(C 15);(H 23);(N 6);(O 5);(S 1)	(CHEBI 33442 NIL |caspi| 3716224426 NIL NIL); (BIGG 33530 NIL |kothari| 3584718837 NIL NIL); (REFMET S-adenosyl-L-methioninate NIL |midford| 3701443689 NIL NIL); (BIGG amet NIL |kothari| 3661824226 NIL NIL); (PUBCHEM 24762165 NIL |kothari| 3641818093 NIL NIL); (METABOLIGHTS MTBLC59789 NIL |kothari| 3608991478 NIL NIL); (HMDB HMDB01185 NIL |kothari| 3608597114 NIL NIL); (CHEBI 59789 NIL |caspi| 3501080055 NIL NIL); (LIGAND-CPD C00019 NIL |kr| 3346617700 NIL NIL); (CAS 29908-03-0)	C[S+](C[C@@H]3([C@@H](O)[C@@H](O)[C@H](N1(C2(\N=C/N=C(C(\N=C/1)=2)/N)))O3))CC[C@@H](C([O-])=O)[NH3+]	(S)-S-adenosyl-L-methionine; AdoMet; SAM; 2-S-adenosyl-L-methionine; S-adenosyl-methionine; adenosylmethionine; S-adenosylmethionine	['-']
Diacylglycerolhomoserines	-	-	Glycerides	-	diacylglycerolhomoserine	-	['-']	-	C(OCC[C@H]([NH3+])C([O-])=O)[C@H](OC(=O)[R2])COC(=O)[R1]	DGHS	['-']
Diacylglycerol-NNN-trimethylhomoserines	-	-	Diacyl-sn-Glycerols	-	diacylglyceryl-N,N,N-trimethyl-L-homoserine	-	['-']	(LIGAND-CPD C18169 NIL |kothari| 3535124255 NIL NIL)	C[N+](C)(C)[C@@H](CCOC[C@H](OC(=O)[R2])COC(=O)[R1])C([O-])=O	DGTS	['-']
ADENOSYL-HOMO-CYS	-	-	Modified-Amino-Acids	-	S-adenosyl-L-homocysteine	SAH	(C 14);(H 20);(N 6);(O 5);(S 1)	(BIGG 33543 NIL |kothari| 3584718837 NIL NIL); (REFMET S-Adenosylhomocysteine NIL |midford| 3697479617 NIL NIL); (BIGG ahcys NIL |kothari| 3661824226 NIL NIL); (PUBCHEM 25246222 NIL |kothari| 3641818093 NIL NIL); (METABOLIGHTS MTBLC57856 NIL |kothari| 3608991478 NIL NIL); (HMDB HMDB00939 NIL |kothari| 3608597114 NIL NIL); (CHEBI 57856 NIL |taltman| 3498180761 NIL NIL); (LIGAND-CPD C00021 NIL |kr| 3346617699 NIL NIL); (CAS 979-92-0)	C(SC[C@@H]3([C@@H](O)[C@@H](O)[C@H](N1(C2(\N=C/N=C(C(\N=C/1)=2)/N)))O3))C[C@@H](C([O-])=O)[NH3+]	SAH; S-adenosylhomocysteine; 2-S-adenosyl-L-homocysteine; AdoHcy; 2-S-adenosyl-L-homocysteine; S-adenosyl-homocysteine; S-adenosylhomocysteine; adenosyl-homo-cys; adenosylhomocysteine; adenosylhomo-cys	['-']
PROTON	-	-	Monovalent-Inorganic-Cations; Subatomic-Particles	-	H+	-	(H 1)	(BIGG 33778 NIL |kothari| 3584718837 NIL NIL); (BIGG h NIL |kothari| 3661824225 NIL NIL); (HMDB HMDB59597 NIL |kothari| 3608597114 NIL NIL); (CHEMSPIDER 1010 NIL |kothari| 3563632849 NIL NIL); (PUBCHEM 1038 NIL |taltman| 3466375285 NIL NIL); (CHEBI 15378 NIL |taltman| 3452438078 NIL NIL); (CAS 12408-02-5 NIL |kr| 3346617700 NIL NIL); (LIGAND-CPD C00080 NIL |kr| 3346617700 NIL NIL)	[H+]	hydrogen ion; proton; H	['-']
PALMITATE	-	Fatty acyls	Even-Straight-Chain-234-Sat-FA; Long-Chain-234-Saturated-Fatty-Acids; Saturated-Fatty-Acids	Non-esterified fatty acid	palmitate	hexadecanoate (n-C16:0)	(C 16);(H 31);(O 2)	(REFMET Palmitic acid NIL |midford| 3701443689 NIL NIL); (BIGG hdca NIL |kothari| 3661824226 NIL NIL); (METABOLIGHTS MTBLC7896 NIL |kothari| 3608991478 NIL NIL); (HMDB HMDB00220 NIL |kothari| 3594494375 NIL NIL); (CHEMSPIDER 440215 NIL |kothari| 3563631569 NIL NIL); (CHEBI 7896 NIL |ong| 3523630742 NIL NIL); (PUBCHEM 504166 NIL |taltman| 3466375285 NIL NIL); (|Wikipedia| Palmitic_acid NIL |caspi| 3426256326 NIL NIL); (LIGAND-CPD C00249 NIL |keseler| 3342470915 NIL NIL); (CAS 57-10-3)	CCCCCCCCCCCCCCCC([O-])=O	hexadecanoate (n-C16:0); palmitic acid; hexadecanoate; hexadecanoic acid	['-']
ATP	-	-	Purine-ribonucleosides-5-PPP	-	ATP	-	(C 10);(H 12);(N 5);(O 13);(P 3)	(REFMET ATP NIL |midford| 3701443689 NIL NIL); (BIGG atp NIL |kothari| 3661824225 NIL NIL); (METABOLIGHTS MTBLC30616 NIL |kothari| 3608991478 NIL NIL); (HMDB HMDB00538 NIL |kothari| 3608601728 NIL NIL); (CHEMSPIDER 4574455 NIL |kothari| 3563632023 NIL NIL); (CHEBI 30616 NIL |ong| 3523630741 NIL NIL); (PUBCHEM 5461108 NIL |ong| 3523387880 NIL NIL); (LIGAND-CPD C00002 NIL |kr| 3346617701 NIL NIL); (CAS 56-65-5)	C([C@@H]3([C@H]([C@H]([C@H](N1(C2(\N=C/N=C(C(\N=C/1)=2)/N)))O3)O)O))OP([O-])(=O)OP([O-])(=O)OP([O-])(=O)[O-]	adenylpyrophosphate; adenosine-triphosphate; adenosine-5'-triphosphate	['-']
PALMITYL-COA	-	Fatty acyls	Long-Chain-234-Saturated-acyl-CoAs	Acyl-Coenzyme A	palmitoyl-CoA	Palmitoyl-CoA (n-C16:0CoA); Palmitoyl-ACoA (n-C16:0ACoA)	(C 37);(H 62);(N 7);(O 17);(P 3);(S 1)	(REFMET Palmitoyl-CoA NIL |midford| 3701443689 NIL NIL); (BIGG pmtcoa NIL |kothari| 3661824225 NIL NIL); (METABOLIGHTS MTBLC57379 NIL |kothari| 3608991478 NIL NIL); (HMDB HMDB01338 NIL |kothari| 3608601663 NIL NIL); (CHEBI 57379 NIL |taltman| 3498180761 NIL NIL); (PUBCHEM 45266605 NIL |taltman| 3497976212 NIL NIL); (LIGAND-CPD C00154 NIL |kr| 3346617701 NIL NIL); (CAS 1763-10-6)	CCCCCCCCCCCCCCCC(SCCNC(=O)CCNC(=O)[C@H](O)C(C)(C)COP(=O)(OP(=O)(OC[C@@H]1([C@@H](OP([O-])(=O)[O-])[C@@H](O)[C@@H](O1)N2(C3(\N=C/N=C(C(\N=C/2)=3)/N))))[O-])[O-])=O	Palmitoyl-CoA (n-C16:0CoA); hexadecanoyl CoA; palmityl-CoA; palmitoyl coenzyme A; palmitoyl CoA	['-']
PPI	-	-	Polyphosphates	-	diphosphate	-	(H 1);(O 7);(P 2)	(BIGG 33511 NIL |kothari| 3584718837 NIL NIL); (BIGG ppi NIL |kothari| 3661824225 NIL NIL); (CHEBI 29888 NIL |kothari| 3619448395 NIL NIL); (METABOLIGHTS MTBLC33019 NIL |kothari| 3608991478 NIL NIL); (HMDB HMDB00250 NIL |kothari| 3608602249 NIL NIL); (DRUGBANK DB04160 NIL |kothari| 3594430422 NIL NIL); (CHEMSPIDER 996 NIL |kothari| 3563632853 NIL NIL); (PUBCHEM 1023 NIL |taltman| 3448034169 NIL NIL); (LIGAND-CPD C00013 NIL |kr| 3346617701 NIL NIL); (CAS 2466-09-3)	O=P(O)(OP([O-])([O-])=O)[O-]	PPi; PP; pyrophosphate	['-']
AMP	-	-	Purine-ribonucleosides-5-P	-	AMP	-	(C 10);(H 12);(N 5);(O 7);(P 1)	(REFMET AMP NIL |midford| 3701443689 NIL NIL); (BIGG amp NIL |kothari| 3661824226 NIL NIL); (METABOLIGHTS MTBLC456215 NIL |kothari| 3608991478 NIL NIL); (HMDB HMDB00045 NIL |kothari| 3594494378 NIL NIL); (CHEMSPIDER 10239183 NIL |kothari| 3563631842 NIL NIL); (CHEBI 456215 NIL |taltman| 3498180761 NIL NIL); (PUBCHEM 15938965 NIL |taltman| 3466375284 NIL NIL); (LIGAND-CPD C00020 NIL |kr| 3346617700 NIL NIL); (CAS 61-19-8); (NCI 20264)	C([C@@H]3([C@H]([C@H]([C@H](N1(C2(\N=C/N=C(C(\N=C/1)=2)/N)))O3)O)O))OP([O-])([O-])=O	5'-AMP; adenosine-monophosphate; adenylic acid; adenosine 5'-phosphate; adenosine 5'-monophosphate; adenylate; 5'-adenylic acid; 5'-adenosine monophosphate	['-']
CPD-14278	SUPER	Fatty acyls	Very-Long-Chain-3-Hydroxyacyl-CoAs	Acyl-Coenzyme A	(3R)-3-hydroxycerotoyl-CoA	-	(C 47);(H 82);(N 7);(O 18);(P 3);(S 1)	(PUBCHEM 72193759 NIL |kothari| 3619400336 NIL NIL); (CHEBI 76378 NIL |kothari| 3604102813 NIL NIL)	CCCCCCCCCCCCCCCCCCCCCCC[C@@H](O)CC(=O)SCCNC(=O)CCNC(=O)[C@H](O)C(C)(C)COP(=O)(OP(=O)(OC[C@H]1(O[C@H]([C@@H]([C@@H]1OP([O-])(=O)[O-])O)N2(C3(\N=C/N=C(C(\N=C/2)=3)/N))))[O-])[O-]	['-']	['-']
CPD-14283	SUPER	Fatty acyls	Very-Long-Chain-Trans-23-Dehydroacyl-CoA	Acyl-Coenzyme A	trans-cerot-2-enoyl-CoA	-	(C 47);(H 80);(N 7);(O 17);(P 3);(S 1)	(REFMET 2E-hexacosenoyl-CoA NIL |midford| 3701443689 NIL NIL); (PUBCHEM 71581195 NIL |kothari| 3619400312 NIL NIL); (CHEBI 74281 NIL |kothari| 3608052289 NIL NIL)	CCCCCCCCCCCCCCCCCCCCCCC/C=C/C(=O)SCCNC(=O)CCNC(=O)[C@H](O)C(C)(C)COP(=O)(OP(=O)(OC[C@H]1(O[C@H]([C@@H]([C@@H]1OP([O-])(=O)[O-])O)N2(C3(\N=C/N=C(C(\N=C/2)=3)/N))))[O-])[O-]	trans-2,3-dihydro-cerotenoyl-CoA; (2E)-cerotenoyl-CoA	['-']
WATER	-	-	Compounds	-	H2O	-	(H 2);(O 1)	(BIGG 33474 NIL |kothari| 3584718837 NIL NIL); (BIGG h2o NIL |kothari| 3661824226 NIL NIL); (METABOLIGHTS MTBLC15377 NIL |kothari| 3608991478 NIL NIL); (HMDB HMDB02111 NIL |kothari| 3608597114 NIL NIL); (CHEMSPIDER 937 NIL |kothari| 3563632863 NIL NIL); (CHEBI 15377 NIL |taltman| 3452438148 NIL NIL); (PUBCHEM 962 NIL |taltman| 3448034169 NIL NIL); (LIGAND-CPD C00001 NIL |kr| 3346617699 NIL NIL); (CAS 7732-18-5)	O	H2O; hydrogen oxide; water	['-']
Beta-hydroxydecanoyl-ACPs	COMP_NOT_FOUND	-	-	-	-	-	-	-	-	-	-
Trans-D2-decenoyl-ACPs	COMP_NOT_FOUND	-	-	-	-	-	-	-	-	-	-
R-3-hydroxydodecanoyl-ACPs	COMP_NOT_FOUND	-	-	-	-	-	-	-	-	-	-
Dodec-2-enoyl-ACPs	COMP_NOT_FOUND	-	-	-	-	-	-	-	-	-	-
ACETYL-ACP	COMP_NOT_FOUND	-	-	-	-	-	-	-	-	-	-
MALONYL-ACP	COMP_NOT_FOUND	-	-	-	-	-	-	-	-	-	-
ACP	COMP_NOT_FOUND	-	-	-	-	-	-	-	-	-	-
Acetoacetyl-ACPs	COMP_NOT_FOUND	-	-	-	-	-	-	-	-	-	-
CARBON-DIOXIDE	-	-	Compounds	-	CO2	-	(C 1);(O 2)	(BIGG 33506 NIL |kothari| 3584718837 NIL NIL); (BIGG co2 NIL |kothari| 3661824225 NIL NIL); (METABOLIGHTS MTBLC16526 NIL |kothari| 3608991478 NIL NIL); (LIGAND-CPD C00011 NIL |pkarp| 3605739479 NIL NIL); (HMDB HMDB01967 NIL |kothari| 3604149739 NIL NIL); (UM-BBD-CPD c0131 NIL |kothari| 3594389386 NIL NIL); (CHEMSPIDER 274 NIL |kothari| 3563632945 NIL NIL); (CHEBI 16526 NIL |taltman| 3452363277 NIL NIL); (PUBCHEM 280 NIL |taltman| 3448034169 NIL NIL); (CAS 124-38-9)	C(=O)=O	carbonic anhydride; carbonic acid gas; carbon dioxide	['-']
Saturated-Fatty-Acyl-ACPs	COMP_NOT_FOUND	-	-	-	-	-	-	-	-	-	-
NADP	SUPER	-	NAD-P-OR-NOP	-	NADP+	-	(C 21);(H 25);(N 7);(O 17);(P 3)	(BIGG 33488 NIL |kothari| 3584718837 NIL NIL); (REFMET NADP+ NIL |midford| 3701443689 NIL NIL); (BIGG nadp NIL |kothari| 3661824226 NIL NIL); (METABOLIGHTS MTBLC58349 NIL |kothari| 3608991478 NIL NIL); (HMDB HMDB00217 NIL |kothari| 3608602149 NIL NIL); (CHEMSPIDER 10239198 NIL |kothari| 3563631841 NIL NIL); (CHEBI 58349 NIL |ong| 3523630741 NIL NIL); (PUBCHEM 15938972 NIL |taltman| 3497976212 NIL NIL); (LIGAND-CPD C00006 NIL |kr| 3346617700 NIL NIL); (CAS 53-59-8)	C5(/C=C\C(\C(=O)N)=C/[N+](/[C@@H]1(O[C@@H]([C@H]([C@H]1O)O)COP(OP(OC[C@@H]4([C@H]([C@H]([C@H](N2(C3(\N=C/N=C(C(\N=C/2)=3)/N)))O4)OP([O-])([O-])=O)O))([O-])=O)(=O)[O-]))=5)	coenzyme II; triphosphopyridine nucleotide; nicotinamide adenine dinucleotide phosphate; NADP-oxidized; NADP-ox; TPN; TPN+; TPN-ox; nicotinamide adenine dinucleotide-P; NADP(+); NADP; &beta-NADP+	['-']
NADPH	SUPER	-	NADH-P-OR-NOP	-	NADPH	-	(C 21);(H 26);(N 7);(O 17);(P 3)	(BIGG 33486 NIL |kothari| 3584718837 NIL NIL); (REFMET NADPH NIL |midford| 3701443689 NIL NIL); (BIGG nadph NIL |kothari| 3661824226 NIL NIL); (METABOLIGHTS MTBLC57783 NIL |kothari| 3608991478 NIL NIL); (HMDB HMDB00221 NIL |kothari| 3608602464 NIL NIL); (CHEMSPIDER 10239199 NIL |kothari| 3563631840 NIL NIL); (CHEBI 57783 NIL |taltman| 3498850556 NIL NIL); (PUBCHEM 15983949 NIL |taltman| 3497976212 NIL NIL); (CAS 2646-71-1 NIL |kr| 3346617699 NIL NIL); (LIGAND-CPD C00005 NIL |kr| 3346617699 NIL NIL)	C5(\N([C@@H]1(O[C@@H]([C@H]([C@H]1O)O)COP(OP(OC[C@@H]4([C@H]([C@H]([C@H](N2(C3(\N=C/N=C(C(\N=C/2)=3)/N)))O4)OP([O-])([O-])=O)O))([O-])=O)(=O)[O-]))/C=C(C\C=5)/C(=O)N)	reduced nicotinamide adenine dinucleotide phosphate; NADPH2; NADPH2; dihydrotriphosphopyridine nucleotide; reduced dihydrotriphosphopyridine nucleotide; dihydronicotinamide adenine dinucleotide phosphate; dihydronicotinamide adenine dinucleotide phosphate reduced; reduced NADP; NADP-red; TPNH; dihydronicotinamide adenine dinucleotide-P; &beta-NADPH	['-']
TRANS-D2-ENOYL-ACP	COMP_NOT_FOUND	-	-	-	-	-	-	-	-	-	-
3-oxo-dodecanoyl-ACPs	COMP_NOT_FOUND	-	-	-	-	-	-	-	-	-	-
DIACYLGLYCEROL	SUPER	Glycerolipids	1-2-Diglycerides	Diacylglycerol	1,2-diacyl-sn-glycerol	-	['-']	(BIGG 12dgr141 NIL |kothari| 3661824226 NIL NIL); (BIGG 12dgr120 NIL |kothari| 3661824226 NIL NIL); (BIGG 12dgr160 NIL |kothari| 3661824226 NIL NIL); (BIGG 12dgr180 NIL |kothari| 3661824226 NIL NIL); (BIGG 12dgr140 NIL |kothari| 3661824226 NIL NIL); (BIGG 12dgr161 NIL |kothari| 3661824225 NIL NIL); (BIGG 12dgr181 NIL |kothari| 3661824225 NIL NIL); (CHEBI 17815 NIL |kothari| 3498959776 NIL NIL); (LIGAND-CPD C00641 NIL |kothari| 3458491290 NIL NIL)	C(O)[C@@H](COC(=O)[R1])OC(=O)[R2]	D-1,2-diglyceride; 1,2-diacylglycerol; D-1,2-diacylglycerol; DAG	['-']
1-Arachidonoyl-2-Acyl-Glycerols	DIACYLGLYCEROL	Glycerolipids	DIACYLGLYCEROL	Diacylglycerol	1-arachidonoyl-2-acyl-sn-glycerol	-	['-']	-	CCCCC\C=C/C\C=C/C\C=C/C\C=C/CCCC(=O)OC[C@@H](OC(=O)[R])CO	['-']	['-']
1-Acyl-2-Arachidonoyl-Glycerols	DIACYLGLYCEROL	Glycerolipids	DIACYLGLYCEROL	Diacylglycerol	1-acyl-2-arachidonoyl-sn-glycerol	-	['-']	-	CCCCC\C=C/C\C=C/C\C=C/C\C=C/CCCC(=O)O[C@H](COC([R])=O)CO	2-arachidonoyl-DAG	['-']
1-acyl-2-oleoyl-glyceride	DIACYLGLYCEROL	Glycerolipids	DIACYLGLYCEROL	Diacylglycerol	1-acyl,2-oleoyl-sn-glycerol	-	['-']	-	CCCCCCCC\C=C/CCCCCCCC(O[C@H](COC(=O)[R])CO)=O	['-']	['-']
1-Linoleoyl-2-Acyl-Glycerols	DIACYLGLYCEROL	Glycerolipids	DIACYLGLYCEROL	Diacylglycerol	1-linoleoyl-2-acyl-sn-glycerol	-	['-']	-	CCCCC\C=C/C\C=C/CCCCCCCC(=O)OC[C@@H](OC(=O)[R])CO	['-']	['-']
1-Palmitoyl-2-Acyl-Glycerols	DIACYLGLYCEROL	Glycerolipids	DIACYLGLYCEROL	Diacylglycerol	1-palmitoyl-2-acyl-sn-glycerol	-	['-']	-	CCCCCCCCCCCCCCCC(=O)OC[C@@H](OC(=O)[R])CO	['-']	['-']
1-Oleoyl-2-Acyl-Glycerols	DIACYLGLYCEROL	Glycerolipids	DIACYLGLYCEROL	Diacylglycerol	1-oleoyl-2-acyl-sn-glycerol	-	['-']	-	CCCCCCCC\C=C/CCCCCCCC(=O)OC[C@@H](OC(=O)[R])CO	['-']	['-']
1-Stearoyl-2-Acyl-Glycerols	DIACYLGLYCEROL	Glycerolipids	DIACYLGLYCEROL	Diacylglycerol	1-stearoyl-2-acyl-sn-glycerol	-	['-']	-	CCCCCCCCCCCCCCCCCC(=O)OC[C@@H](OC(=O)[R])CO	['-']	['-']
D-Galactosyl-12-diacyl-glycerols	SUPER	Fatty acyls	Galactolipids	Non-esterified fatty acid	1,2-diacyl-3-O-(&beta-D-galactopyranosyl)-sn-glycerol	-	['-']	(CHEBI 17615 NIL |kothari| 3498844408 NIL NIL); (LIGAND-CPD C03692 NIL |kothari| 3498844408 NIL NIL)	C(OC(=O)[R1])[C@H](CO[C@@H]1(O[C@H](CO)[C@H](O)[C@H](O)[C@@H](O)1))OC(=O)[R2]	monogalactosyl-diacylglycerol; monogalactosyldiacylglycerol; D-galactosyldiacylglycerol; 3-(&beta-D-galactosyl)-1,2-diacyl-sn-glycerol; 3-&beta-D-galactosyl-1,2-diacylglycerol; monogalactosyldiglyceride; MGDG; Gal&beta1->3acyl2Gro; mono-&beta-D-galactosyldiacylglycerol; 1,2-diacyl-3-&beta-D-galactosyl-sn-glycerol; &beta-monogalactosyldiacylglycerol; 1,2-diacyl-3-O-(&beta-D-galactosyl)-sn-glycerol	['-']
CPD-17297	D-Galactosyl-12-diacyl-glycerols; SUPER	Fatty acyls	CPD-17293; D-Galactosyl-12-diacyl-glycerols	Non-esterified fatty acid	(7Z,10Z)-hexadecadienoate-sn2-monogalactosyldiacylglycerol	-	['-']	-	CCCCC\C=C/C\C=C/CCCCCC(O[C@@H](CO[C@@H]1(O[C@@H]([C@@H]([C@@H]([C@H]1O)O)O)CO))COC([R])=O)=O	(7Z,10Z)-hexadecadienoate-sn2-MGDG; 2-(7Z,10Z-hexadecadienoyl)-3-O-beta-D-galactosyl-sn-glycerol	['-']
Monogalactosyldiacylglycerols-38-5	D-Galactosyl-12-diacyl-glycerols	Glycerolipids	D-Galactosyl-12-diacyl-glycerols	Monohexosyldiacylglycerol	monogalactosyldiacylglycerol-38:5	MGDG-38:5; MGDG38:5	['-']	-	['-']	MGDG-38:5; MGDG38:5	['-']
Monogalactosyldiacylglycerols-36-5	D-Galactosyl-12-diacyl-glycerols	Glycerolipids	D-Galactosyl-12-diacyl-glycerols	Monohexosyldiacylglycerol	monogalactosyldiacylglycerol-36:5	MGDG-36:5; MGDG36:5	['-']	-	['-']	MGDG-36:5; MGDG36:5	['-']
CPD-17298	D-Galactosyl-12-diacyl-glycerols; SUPER	Fatty acyls	CPD-17292; D-Galactosyl-12-diacyl-glycerols	Non-esterified fatty acid	(7Z,10Z,13Z)-sn2-monogalactosyldiacylglycerol	-	['-']	-	CC\C=C/C\C=C/C\C=C/CCCCCC(O[C@@H](CO[C@@H]1(O[C@@H]([C@@H]([C@@H]([C@H]1O)O)O)CO))COC([R])=O)=O	(7Z,10Z,13Z)-sn2-MGDG; (7Z,10Z,13Z)-3-O-beta-D-galactosyl-sn-glycerol	['-']
Monogalactosyldiacylglycerols-38-6	D-Galactosyl-12-diacyl-glycerols	Glycerolipids	D-Galactosyl-12-diacyl-glycerols	Monohexosyldiacylglycerol	monogalactosyldiacylglycerol-38:6	MGDG-38:6; MGDG38:6	['-']	-	['-']	MGDG-38:6; MGDG38:6	['-']
Monogalactosyldiacylglycerols-34-5	D-Galactosyl-12-diacyl-glycerols	Glycerolipids	D-Galactosyl-12-diacyl-glycerols	Monohexosyldiacylglycerol	monogalactosyldiacylglycerol-34:5	MGDG-34:5; MGDG34:5	['-']	-	['-']	MGDG-34:5; MGDG34:5	['-']
Monogalactosyldiacylglycerols-36-6	D-Galactosyl-12-diacyl-glycerols	Glycerolipids	D-Galactosyl-12-diacyl-glycerols	Monohexosyldiacylglycerol	monogalactosyldiacylglycerol-36:6	MGDG-36:6; MGDG36:6	['-']	-	['-']	MGDG-36:6; MGDG36:6	['-']
Monogalactosyldiacylglycerols-38-3	D-Galactosyl-12-diacyl-glycerols	Glycerolipids	D-Galactosyl-12-diacyl-glycerols	Monohexosyldiacylglycerol	monogalactosyldiacylglycerol-38:3	MGDG-38:3; MGDG38:3	['-']	-	['-']	MGDG-38:3; MGDG38:3	['-']
Monogalactosyldiacylglycerols-36-4	D-Galactosyl-12-diacyl-glycerols	Glycerolipids	D-Galactosyl-12-diacyl-glycerols	Monohexosyldiacylglycerol	monogalactosyldiacylglycerol-36:4	MGDG-36:4; MGDG36:4	['-']	-	['-']	MGDG-36:4; MGDG36:4	['-']
Monogalactosyldiacylglycerols-38-4	D-Galactosyl-12-diacyl-glycerols	Glycerolipids	D-Galactosyl-12-diacyl-glycerols	Monohexosyldiacylglycerol	monogalactosyldiacylglycerol-38:4	MGDG-38:4; MGDG38:4	['-']	-	['-']	MGDG-38:4; MGDG38:4	['-']
CPD-17296	D-Galactosyl-12-diacyl-glycerols; SUPER	Fatty acyls	CPD-17294; D-Galactosyl-12-diacyl-glycerols	Non-esterified fatty acid	1-acyl,2-(7Z)-hexadecenoate-monogalactosyldiacylglycerol	-	['-']	-	CCCCCCCC\C=C/CCCCCC(O[C@@H](CO[C@@H]1(O[C@@H]([C@@H]([C@@H]([C@H]1O)O)O)CO))COC([R])=O)=O	['-']	['-']
Monogalactosyldiacylglycerols-36-1	D-Galactosyl-12-diacyl-glycerols	Glycerolipids	D-Galactosyl-12-diacyl-glycerols	Monohexosyldiacylglycerol	monogalactosyldiacylglycerol-36:1	MGDG-36:1; MGDG36:1	['-']	-	['-']	MGDG-36:1; MGDG36:1	['-']
Monogalactosyldiacylglycerols-36-3	D-Galactosyl-12-diacyl-glycerols	Glycerolipids	D-Galactosyl-12-diacyl-glycerols	Monohexosyldiacylglycerol	monogalactosyldiacylglycerol-36:3	MGDG-36:3; MGDG36:3	['-']	-	['-']	MGDG-36:3; MGDG36:3	['-']
Monogalactosyldiacylglycerols-36-2	D-Galactosyl-12-diacyl-glycerols	Glycerolipids	D-Galactosyl-12-diacyl-glycerols	Monohexosyldiacylglycerol	monogalactosyldiacylglycerol-36:2	MGDG-36:2; MGDG36:2	['-']	-	['-']	MGDG-36:2; MGDG36:2	['-']
CPD-17295	D-Galactosyl-12-diacyl-glycerols; SUPER	Fatty acyls	D-Galactosyl-12-diacyl-glycerols; Palmitoyl-lipid	Non-esterified fatty acid	1-acyl,2-palmitoyl-monogalactosyldiacylglycerol	-	['-']	-	CCCCCCCCCCCCCCCC(O[C@@H](CO[C@@H]1(O[C@@H]([C@@H]([C@@H]([C@H]1O)O)O)CO))COC([R])=O)=O	['-']	['-']
Monogalactosyldiacylglycerols-34-6	D-Galactosyl-12-diacyl-glycerols	Glycerolipids	D-Galactosyl-12-diacyl-glycerols	Monohexosyldiacylglycerol	monogalactosyldiacylglycerol-34:6	MGDG-34:6; MGDG34:6	['-']	-	['-']	MGDG-34:6; MGDG34:6	['-']
Triacylglycerols	SUPER	-	Triacylglycerides	-	triacyl-sn-glycerol	-	['-']	(CHEBI 64615 NIL |caspi| 3577118494 NIL NIL); (LIGAND-CPD C00422 NIL |taltman| 3459474374 NIL NIL)	C([C@H](OC([R2])=O)COC(=O)[R1])OC([R3])=O	['-']	['-']
TAG-18-3-36-1s	Triacylglycerols	Glycerolipids	Triacylglycerols	Triacylglycerol	TAG(18:3/36:1)	18:3/36:1-TAG; triacylglyceride(18:3/36:1); TAG(54:4)	['-']	-	C(OC([R3])=O)[C@H](OC([R2])=O)COC([R1])=O	18:3/36:1-TAG; triacylglyceride(18:3/36:1); TAG(54:4)	['-']
TAG-18-3-34-2s	Triacylglycerols	Glycerolipids	Triacylglycerols	Triacylglycerol	TAG(18:3/34:2)	18:3/34:2-TAG; triacylglyceride(18:3/34:2); TAG(52:5)	['-']	-	C(OC([R3])=O)[C@H](OC([R2])=O)COC([R1])=O	18:3/34:2-TAG; triacylglyceride(18:3/34:2); TAG(52:5)	['-']
TAG-18-3-40-2s	Triacylglycerols	Glycerolipids	Triacylglycerols	Triacylglycerol	TAG(18:3/40:2)	18:3/40:2-TAG; triacylglyceride(18:3/40:2); TAG(58:5)	['-']	-	C(OC([R3])=O)[C@H](OC([R2])=O)COC([R1])=O	18:3/40:2-TAG; triacylglyceride(18:3/40:2); TAG(58:5)	['-']
TAG-18-3-36-5s	Triacylglycerols	Glycerolipids	Triacylglycerols	Triacylglycerol	TAG(18:3/36:5)	18:3/36:5-TAG; triacylglyceride(18:3/36:5); TAG(54:8)	['-']	-	C(OC([R3])=O)[C@H](OC([R2])=O)COC([R1])=O	18:3/36:5-TAG; triacylglyceride(18:3/36:5); TAG(54:8)	['-']
TAG-18-3-32-2s	Triacylglycerols	Glycerolipids	Triacylglycerols	Triacylglycerol	TAG(18:3/32:2)	18:3/32:2-TAG; triacylglyceride(18:3/32:2); TAG(50:5)	['-']	-	C(OC([R3])=O)[C@H](OC([R2])=O)COC([R1])=O	18:3/32:2-TAG; triacylglyceride(18:3/32:2); TAG(50:5)	['-']
TAG-18-3-36-4s	Triacylglycerols	Glycerolipids	Triacylglycerols	Triacylglycerol	TAG(18:3/36:4)	18:3/36:4-TAG; triacylglyceride(18:3/36:4); TAG(54:7)	['-']	-	C(OC([R3])=O)[C@H](OC([R2])=O)COC([R1])=O	18:3/36:4-TAG; triacylglyceride(18:3/36:4); TAG(54:7)	['-']
TAG-18-3-34-1	Triacylglycerols	Glycerolipids	Triacylglycerols	Triacylglycerol	TAG(18:3/34:1)	18:3/34:1-TAG; triacylglyceride(18:3/34:1); TAG(52:4)	['-']	-	C(OC([R3])=O)[C@H](OC([R2])=O)COC([R1])=O	18:3/34:1-TAG; triacylglyceride(18:3/34:1); TAG(52:4)	['-']
TAG-18-3-38-5s	Triacylglycerols	Glycerolipids	Triacylglycerols	Triacylglycerol	TAG(18:3/38:5)	18:3/38:5-TAG; triacylglyceride(18:3/38:5); TAG(56:8)	['-']	-	C(OC([R3])=O)[C@H](OC([R2])=O)COC([R1])=O	18:3/38:5-TAG; triacylglyceride(18:3/38:5); TAG(56:8)	['-']
TAG-18-3-34-0s	Triacylglycerols	Glycerolipids	Triacylglycerols	Triacylglycerol	TAG(18:3/34:0)	18:3/34:0-TAG; triacylglyceride(18:3/34:0); TAG(52:3)	['-']	-	C(OC([R3])=O)[C@H](OC([R2])=O)COC([R1])=O	18:3/34:0-TAG; triacylglyceride(18:3/34:0); TAG(52:3)	['-']
TAG-18-3-38-2s	Triacylglycerols	Glycerolipids	Triacylglycerols	Triacylglycerol	TAG(18:3/38:2)	18:3/38:2-TAG; triacylglyceride(18:3/38:2); TAG(56:5)	['-']	-	C(OC([R3])=O)[C@H](OC([R2])=O)COC([R1])=O	18:3/38:2-TAG; triacylglyceride(18:3/38:2); TAG(56:5)	['-']
TAG-18-3-36-3s	Triacylglycerols	Glycerolipids	Triacylglycerols	Triacylglycerol	TAG(18:3/36:3)	18:3/36:3-TAG; triacylglyceride(18:3/36:3); TAG(54:6)	['-']	-	C(OC([R3])=O)[C@H](OC([R2])=O)COC([R1])=O	18:3/36:3-TAG; triacylglyceride(18:3/36:3); TAG(54:6)	['-']
TAG-18-3-34-3s	Triacylglycerols	Glycerolipids	Triacylglycerols	Triacylglycerol	TAG(18:3/34:3)	18:3/34:3-TAG; triacylglyceride(18:3/34:3); TAG(52:6)	['-']	-	C(OC([R3])=O)[C@H](OC([R2])=O)COC([R1])=O	18:3/34:3-TAG; triacylglyceride(18:3/34:3); TAG(52:6)	['-']
TAG-18-3-40-0s	Triacylglycerols	Glycerolipids	Triacylglycerols	Triacylglycerol	TAG(18:3/40:0)	18:3/40:0-TAG; triacylglyceride(18:3/40:0); TAG(58:3)	['-']	-	C(OC([R3])=O)[C@H](OC([R2])=O)COC([R1])=O	18:3/40:0-TAG; triacylglyceride(18:3/40:0); TAG(58:3)	['-']
TAG-18-3-32-0s	Triacylglycerols	Glycerolipids	Triacylglycerols	Triacylglycerol	TAG(18:3/32:0)	18:3/32:0-TAG; triacylglyceride(18:3/32:0); TAG(50:3)	['-']	-	C(OC([R3])=O)[C@H](OC([R2])=O)COC([R1])=O	18:3/32:0-TAG; triacylglyceride(18:3/32:0); TAG(50:3)	['-']
TAG-18-3-38-3s	Triacylglycerols	Glycerolipids	Triacylglycerols	Triacylglycerol	TAG(18:3/38:3)	18:3/38:3-TAG; triacylglyceride(18:3/38:3); TAG(56:6)	['-']	-	C(OC([R3])=O)[C@H](OC([R2])=O)COC([R1])=O	18:3/38:3-TAG; triacylglyceride(18:3/38:3); TAG(56:6)	['-']
TAG-18-3-38-0s	Triacylglycerols	Glycerolipids	Triacylglycerols	Triacylglycerol	TAG(18:3/38:0)	18:3/38:0-TAG; triacylglyceride(18:3/38:0); TAG(56:3)	['-']	-	C(OC([R3])=O)[C@H](OC([R2])=O)COC([R1])=O	18:3/38:0-TAG; triacylglyceride(18:3/38:0); TAG(56:3)	['-']
TAG-18-3-36-0s	Triacylglycerols	Glycerolipids	Triacylglycerols	Triacylglycerol	TAG(18:3/36:0)	18:3/36:0-TAG; triacylglyceride(18:3/36:0); TAG(54:3)	['-']	-	C(OC([R3])=O)[C@H](OC([R2])=O)COC([R1])=O	18:3/36:0-TAG; triacylglyceride(18:3/36:0); TAG(54:3)	['-']
TAG-18-3-40-4s	Triacylglycerols	Glycerolipids	Triacylglycerols	Triacylglycerol	TAG(18:3/40:4)	18:3/40:4-TAG; triacylglyceride(18:3/40:4); TAG(58:7)	['-']	-	C(OC([R3])=O)[C@H](OC([R2])=O)COC([R1])=O	18:3/40:4-TAG; triacylglyceride(18:3/40:4); TAG(58:7)	['-']
TAG-18-3-40-3s	Triacylglycerols	Glycerolipids	Triacylglycerols	Triacylglycerol	TAG(18:3/40:3)	18:3/40:3-TAG; triacylglyceride(18:3/40:3); TAG(58:6)	['-']	-	C(OC([R3])=O)[C@H](OC([R2])=O)COC([R1])=O	18:3/40:3-TAG; triacylglyceride(18:3/40:3); TAG(58:6)	['-']
TAG-18-3-40-1s	Triacylglycerols	Glycerolipids	Triacylglycerols	Triacylglycerol	TAG(18:3/40:1)	18:3/40:1-TAG; triacylglyceride(18:3/40:1); TAG(58:4)	['-']	-	C(OC([R3])=O)[C@H](OC([R2])=O)COC([R1])=O	18:3/40:1-TAG; triacylglyceride(18:3/40:1); TAG(58:4)	['-']
TAG-18-3-32-1s	Triacylglycerols	Glycerolipids	Triacylglycerols	Triacylglycerol	TAG(18:3/32:1)	18:3/32:1-TAG; triacylglyceride(18:3/32:1); TAG(50:4)	['-']	-	C(OC([R3])=O)[C@H](OC([R2])=O)COC([R1])=O	18:3/32:1-TAG; triacylglyceride(18:3/32:1); TAG(50:4)	['-']
TAG-18-3-38-4s	Triacylglycerols	Glycerolipids	Triacylglycerols	Triacylglycerol	TAG(18:3/38:4)	18:3/38:4-TAG; triacylglyceride(18:3/38:4); TAG(56:7)	['-']	-	C(OC([R3])=O)[C@H](OC([R2])=O)COC([R1])=O	18:3/38:4-TAG; triacylglyceride(18:3/38:4); TAG(56:7)	['-']
TAG-18-3-38-1s	Triacylglycerols	Glycerolipids	Triacylglycerols	Triacylglycerol	TAG(18:3/38:1)	18:3/38:1-TAG; triacylglyceride(18:3/38:1); TAG(56:4)	['-']	-	C(OC([R3])=O)[C@H](OC([R2])=O)COC([R1])=O	18:3/38:1-TAG; triacylglyceride(18:3/38:1); TAG(56:4)	['-']
TAG-18-3-36-6s	Triacylglycerols	Glycerolipids	Triacylglycerols	Triacylglycerol	TAG(18:3/36:6)	18:3/36:6-TAG; triacylglyceride(18:3/36:6); TAG(54:9)	['-']	-	C(OC([R3])=O)[C@H](OC([R2])=O)COC([R1])=O	18:3/36:6-TAG; triacylglyceride(18:3/36:6); TAG(54:9)	['-']
MONO-BETA-D-GALACTOSYLACYLGLYCEROL	-	-	Compounds	-	mono-&beta-D-galactosylacylglycerol	-	['-']	(LIGAND-CPD C04315 NIL |taltman| 3466371734 NIL NIL)	C(OC(=O)[R])[C@H](CO[C@@H]1(O[C@H](CO)[C@H](O)[C@H](O)[C@@H](O)1))O	['-']	['-']
DELTA3-ISOPENTENYL-PP	-	-	Compounds	-	isopentenyl diphosphate	IPP	(C 5);(H 9);(O 7);(P 2)	(REFMET Isopentenyl-diphosphate NIL |midford| 3701443689 NIL NIL); (BIGG ipdp NIL |kothari| 3661824226 NIL NIL); (METABOLIGHTS MTBLC128769 NIL |kothari| 3608991478 NIL NIL); (HMDB HMDB01347 NIL |kothari| 3608602897 NIL NIL); (CHEMSPIDER 13115335 NIL |kothari| 3563631839 NIL NIL); (CHEBI 128769 NIL |taltman| 3498180761 NIL NIL); (PUBCHEM 15983957 NIL |taltman| 3466375284 NIL NIL); (LIGAND-CPD C00129 NIL |keseler| 3341251572 NIL NIL)	C=C(C)CCOP([O-])(=O)OP([O-])(=O)[O-]	isopentenyl-pp; isopentenyl pyrophosphate; &delta(3)-isopentenyl-PP; &Delta3-isopentenyl-PP; 3-methylbut-3-enyl diphosphate; 3-methylbut-3-enyl pyrophosphate	['-']
CPD-4211	-	-	Compounds	-	prenyl diphosphate	DMAPP	(C 5);(H 9);(O 7);(P 2)	(BIGG dmpp NIL |kothari| 3661824225 NIL NIL); (METABOLIGHTS MTBLC57623 NIL |kothari| 3608991478 NIL NIL); (HMDB HMDB01120 NIL |kothari| 3608602278 NIL NIL); (CHEMSPIDER 13115336 NIL |kothari| 3563631839 NIL NIL); (CHEBI 57623 NIL |taltman| 3498180761 NIL NIL); (PUBCHEM 15983958 NIL |taltman| 3466375284 NIL NIL); (LIGAND-CPD C00235 NIL |keseler| 3341251295 NIL NIL); (CAS 358-71-4 NIL |keseler| 3341251295 NIL NIL)	CC(C)=CCOP(=O)([O-])OP(=O)([O-])[O-]	dimethylallyl-diphosphate; prenyl-diphosphate; &delta-prenyl diphosphate; &delta2-isopentenyl-diphosphate; 2-isopentenyl diphosphate; dimethylallyl diphosphate; DPP; di-CH3-allyl-PPi; dimethylallyl-PP; dimethylallyl-PPi; DMPP; dimethylallyl pyrophosphate	3-methylbut-2-en-1-yl diphosphate
PYRUVATE	-	-	2-Oxo-carboxylates; Short-Chain-Carboxylates	-	pyruvate	pyruvate	(C 3);(H 3);(O 3)	(REFMET Pyruvic acid NIL |midford| 3701443689 NIL NIL); (BIGG pyr NIL |kothari| 3661824225 NIL NIL); (METABOLIGHTS MTBLC15361 NIL |kothari| 3608991478 NIL NIL); (HMDB HMDB00243 NIL |kothari| 3608602957 NIL NIL); (CHEMSPIDER 96901 NIL |kothari| 3563632303 NIL NIL); (PUBCHEM 107735 NIL |taltman| 3466375285 NIL NIL); (KNAPSACK C00001200 NIL |achi1| 3445698172 NIL NIL); (CHEBI 15361 NIL |taltman| 3452363604 NIL NIL); (LIGAND-CPD C00022 NIL |kr| 3346617699 NIL NIL); (CAS 127-17-3); (UM-BBD-CPD c0159 NIL |kawakami| 3278871244 NIL NIL)	CC(=O)C(=O)[O-]	alpha-ketopropionic acid; BTS; &alpha-ketopropionic acid; acetylformic acid; pyroracemic acid; 2-oxopropanoic acid; pyruvic acid; 2-oxopropanoate; 2-oxo-propionic acid	['-']
GAP	-	-	CPD0-2032	-	D-glyceraldehyde 3-phosphate	-	(C 3);(H 5);(O 6);(P 1)	(REFMET Glyceraldehyde-3-phosphate NIL |midford| 3701443689 NIL NIL); (BIGG g3p NIL |kothari| 3661824226 NIL NIL); (HMDB HMDB01112 NIL |kothari| 3608640738 NIL NIL); (LIGAND-CPD C00118 NIL |caspi| 3544383603 NIL NIL); (CAS 591-57-1 NIL |caspi| 3544383371 NIL NIL); (CHEBI 59776 NIL |taltman| 3498180761 NIL NIL); (PUBCHEM 24794350 NIL |taltman| 3466375285 NIL NIL)	C(=O)[C@H](O)COP(=O)([O-])[O-]	3-phosphoglyceraldehyde; D-glyceraldehyde-3-P; glyceraldehyde 3-phosphate; GAP; glyceraldehyde-phosphate; glyceraldehyde-P; glyceraldehyde-3-P; (2R)-2-hydroxy-3-(phosphooxy)-propanal; triose phosphate	['-']
DEOXYXYLULOSE-5P	-	-	PENTOSE-5-PHOSPHATES	-	1-deoxy-D-xylulose 5-phosphate	-	(C 5);(H 9);(O 7);(P 1)	(BIGG dxyl5p NIL |kothari| 3661824225 NIL NIL); (HMDB HMDB01213 NIL |kothari| 3608602097 NIL NIL); (CHEMSPIDER 10462373 NIL |kothari| 3563631780 NIL NIL); (CHEBI 57792 NIL |taltman| 3498180761 NIL NIL); (PUBCHEM 23420274 NIL |taltman| 3466375284 NIL NIL); (LIGAND-CPD C11437 NIL |kr| 3346617699 NIL NIL)	CC(=O)[C@@H](O)[C@H](O)COP([O-])(=O)[O-]	DXP; deoxyxylulose-5-phosphate; D-1-deoxyxylulose-5-P; 1-deoxy-D-threo-pentulose 5-phosphate; DOXP	['-']
CPD-10364	-	Glycerolipids	Galactolipids	Monohexosyldiacylglycerol	trigalactosyldiacylglycerol	-	['-']	-	C(O)[C@H]1(O[C@H]([C@H](O)[C@@H](O)[C@@H](O)1)OC[C@H]2(O[C@H]([C@H](O)[C@@H](O)[C@@H](O)2)OC[C@H]3(O[C@@H](OC[C@@H](COC(=O)[R1])OC(=O)[R2])[C@H](O)[C@@H](O)[C@@H](O)3)))	(&beta-D-galactosyl-(1->6)-&beta-D-galactosyl-(1->6)-&beta-D-galactosyl)-1,2-diacyl-sn-glycerol; TGDG; 1,2-Diacyl-3-O-(beta-D-galactosyl(1->6)-O-beta-D-galactosyl(1->6)-O-beta-D-galactosyl)-sn-glycerol	['-']
Tetragalactosyldiacylglycerol	-	Glycerolipids	Galactolipids	Monohexosyldiacylglycerol	tetragalactosyldiacylglycerol	-	['-']	-	C(O)[C@H]4(O[C@@H](OC[C@H]1(O[C@H]([C@H](O)[C@@H](O)[C@@H](O)1)OC[C@H]2(O[C@H]([C@H](O)[C@@H](O)[C@@H](O)2)OC[C@H]3(O[C@@H](OC[C@@H](COC(=O)[R1])OC(=O)[R2])[C@H](O)[C@@H](O)[C@@H](O)3))))[C@H](O)[C@@H](O)[C@@H](O)4)	(&beta-D-galactosyl-(1->6)-(&beta-D-galactosyl-(1->6)-&beta-D-galactosyl-(1->6)-&beta-D-galactosyl)-1,2-diacyl-sn-glycerol; TetGDG	['-']
MALONYL-COA	-	Fatty acyls	All-Coas	Acyl-Coenzyme A	malonyl-CoA	-	(C 24);(H 33);(N 7);(O 19);(P 3);(S 1)	(REFMET Malonyl-CoA NIL |midford| 3701443689 NIL NIL); (BIGG malcoa NIL |kothari| 3661824226 NIL NIL); (PUBCHEM 45266608 NIL |kothari| 3641818093 NIL NIL); (METABOLIGHTS MTBLC57384 NIL |kothari| 3608991478 NIL NIL); (HMDB HMDB01175 NIL |kothari| 3608602624 NIL NIL); (CHEBI 57384 NIL |caspi| 3593875462 NIL NIL); (LIGAND-CPD C00083 NIL |kr| 3346617699 NIL NIL); (CAS 524-14-1)	CC(C)([C@@H](O)C(=O)NCCC(=O)NCCSC(=O)CC(=O)[O-])COP(=O)(OP(=O)(OC[C@@H]1([C@@H](OP([O-])(=O)[O-])[C@@H](O)[C@@H](O1)N2(C3(\N=C/N=C(C(\N=C/2)=3)/N))))[O-])[O-]	malonyl coenzyme A	['-']
Very-long-Chain-234-Saturated-acyl-CoAs	SUPER	Fatty acyls	Saturated-Fatty-Acyl-CoA; VERY-LONG-CHAIN-FATTY-ACYL-COA	Acyl-Coenzyme A	very-long-chain 2,3,4-saturated fatty acyl CoA	-	['-']	-	C(CCCCCCCCCCCCCCCCCCCCCC(SCCNC(=O)CCNC(=O)[C@H](O)C(C)(C)COP(=O)(OP(=O)(OC[C@H]1(O[C@H]([C@@H]([C@@H]1OP([O-])(=O)[O-])O)N2(C3(\N=C/N=C(C(\N=C/2)=3)/N))))[O-])[O-])=O)[R]	['-']	['-']
CPD1G-277	Very-long-Chain-234-Saturated-acyl-CoAs	Fatty acyls	VERY-LONG-CHAIN-FATTY-ACYL-COA; Very-long-Chain-234-Saturated-acyl-CoAs	Acyl-Coenzyme A	cerotoyl-CoA	-	(C 47);(H 82);(N 7);(O 17);(P 3);(S 1)	(REFMET Hexacosanoyl-CoA NIL |midford| 3701443689 NIL NIL); (HMDB HMDB06459 NIL |kothari| 3608597114 NIL NIL); (CHEBI 64868 NIL |kothari| 3557072876 NIL NIL); (PUBCHEM 25202335 NIL |taltman| 3466375284 NIL NIL)	CCCCCCCCCCCCCCCCCCCCCCCCCC(=O)SCCNC(=O)CCNC([C@H](O)C(C)(C)COP([O-])(=O)OP([O-])(=O)OC[C@@H]1([C@@H](OP(=O)([O-])[O-])[C@@H](O)[C@@H](O1)N2(\C=N/C3(C(/N)=N\C=N/C2=3))))=O	hexacosanoyl-CoA	['-']
CPD-10280	Very-long-Chain-234-Saturated-acyl-CoAs	Fatty acyls	VERY-LONG-CHAIN-FATTY-ACYL-COA; Very-long-Chain-234-Saturated-acyl-CoAs	Acyl-Coenzyme A	lignoceroyl-CoA	-	(C 45);(H 78);(N 7);(O 17);(P 3);(S 1)	(REFMET Tetracosanoyl-CoA NIL |midford| 3701443689 NIL NIL); (CHEBI 65052 NIL |kothari| 3557072876 NIL NIL); (PUBCHEM 25201814 NIL |taltman| 3466375284 NIL NIL)	CCCCCCCCCCCCCCCCCCCCCCCC(=O)SCCNC(=O)CCNC(=O)[C@H](O)C(C)(C)COP(=O)(OP(=O)(OC[C@H]1(O[C@H]([C@@H]([C@@H]1OP([O-])(=O)[O-])O)N2(C3(\N=C/N=C(C(\N=C/2)=3)/N))))[O-])[O-]	tetracosanoyl-CoA	['-']
Very-Long-Chain-oxoacyl-CoAs	SUPER	Fatty acyls	3-KETOACYL-COA	Acyl-Coenzyme A	very-long-chain oxoacyl-CoA	-	['-']	-	C(CCCCCCCCCCCCCCCCCCCC(=O)CC(SCCNC(=O)CCNC(=O)[C@H](O)C(C)(C)COP(=O)(OP(=O)(OC[C@H]1(O[C@H]([C@@H]([C@@H]1OP([O-])(=O)[O-])O)N2(C3(\N=C/N=C(C(\N=C/2)=3)/N))))[O-])[O-])=O)[R]	['-']	['-']
CPD-14274	Very-Long-Chain-oxoacyl-CoAs	Fatty acyls	Very-Long-Chain-oxoacyl-CoAs	Acyl-Coenzyme A	3-oxocerotoyl-CoA	-	(C 47);(H 80);(N 7);(O 18);(P 3);(S 1)	(REFMET 3-oxohexacosanoyl-CoA NIL |midford| 3701443689 NIL NIL); (PUBCHEM 71581082 NIL |kothari| 3619400312 NIL NIL); (CHEBI 73980 NIL |kothari| 3608037945 NIL NIL)	CCCCCCCCCCCCCCCCCCCCCCCC(=O)CC(=O)SCCNC(=O)CCNC(=O)[C@H](O)C(C)(C)COP(=O)(OP(=O)(OC[C@H]1(O[C@H]([C@@H]([C@@H]1OP([O-])(=O)[O-])O)N2(C3(\N=C/N=C(C(\N=C/2)=3)/N))))[O-])[O-]	3-oxohexacosanoyl-CoA	['-']
CPD-14273	Very-Long-Chain-oxoacyl-CoAs	Fatty acyls	Very-Long-Chain-oxoacyl-CoAs	Acyl-Coenzyme A	3-oxolignoceroyl-CoA	-	(C 45);(H 76);(N 7);(O 18);(P 3);(S 1)	(REFMET 3-oxotetracosanoyl-CoA NIL |midford| 3701443689 NIL NIL); (PUBCHEM 71581078 NIL |kothari| 3619400312 NIL NIL); (CHEBI 73977 NIL |kothari| 3608037945 NIL NIL)	CCCCCCCCCCCCCCCCCCCCCC(=O)CC(=O)SCCNC(=O)CCNC([C@H](O)C(C)(C)COP([O-])(=O)OP([O-])(=O)OC[C@@H]1([C@@H](OP(=O)([O-])[O-])[C@@H](O)[C@@H](O1)N2(\C=N/C3(C(/N)=N\C=N/C2=3))))=O	3-oxotetracosanoyl-CoA	['-']
CPD-10283	Very-Long-Chain-oxoacyl-CoAs	Fatty acyls	Very-Long-Chain-oxoacyl-CoAs	Acyl-Coenzyme A	3-oxobehenoyl-CoA	-	(C 43);(H 72);(N 7);(O 18);(P 3);(S 1)	(REFMET 3-oxodocosanoyl-CoA NIL |midford| 3701443689 NIL NIL); (CHEBI 71451 NIL |kothari| 3577646961 NIL NIL); (PUBCHEM 25203083 NIL |taltman| 3466375284 NIL NIL)	CCCCCCCCCCCCCCCCCCCC(=O)CC(=O)SCCNC(=O)CCNC([C@H](O)C(C)(C)COP([O-])(=O)OP([O-])(=O)OC[C@@H]1([C@@H](OP(=O)([O-])[O-])[C@@H](O)[C@@H](O1)N2(\C=N/C3(C(/N)=N\C=N/C2=3))))=O	3-oxodocosanoyl-CoA	['-']
CPD-17388	Very-Long-Chain-oxoacyl-CoAs	Fatty acyls	Very-Long-Chain-oxoacyl-CoAs	Acyl-Coenzyme A	(6Z,9Z,12Z,15Z,18Z,21Z)-3-oxotetracosahexaenoyl-CoA	-	(C 45);(H 64);(N 7);(O 18);(P 3);(S 1)	(CHEBI 74304 NIL |kothari| 3651889255 NIL NIL); (PUBCHEM 71581251 NIL |kothari| 3651883219 NIL NIL)	CC\C=C/C\C=C/C\C=C/C\C=C/C\C=C/C\C=C/CCC(=O)CC(SCCNC(=O)CCNC(=O)[C@H](O)C(C)(C)COP(=O)(OP(=O)(OC[C@@H]1([C@@H](OP([O-])(=O)[O-])[C@@H](O)[C@@H](O1)N2(C3(\N=C/N=C(C(\N=C/2)=3)/N))))[O-])[O-])=O	(6Z,9Z,12Z,15Z,18Z,21Z)-3-oxotetracosa-6,9,12,15,18,21-hexaenoyl-CoA	['-']
PHOSPHATIDYLCHOLINE	SUPER	Glycerophospholipids	Phosphoglycerides	Phosphatidylcholine	phosphatidylcholine	-	['-']	(|Wikipedia| Lecithin NIL |caspi| 3522779658 NIL NIL); (LIGAND-CPD C00157 NIL |kr| 3346617700 NIL NIL); (CAS 8002-43-5)	C([N+](C)(C)C)COP(=O)(OC[C@H](OC([R2])=O)COC([R1])=O)[O-]	acyl-glycerophosphocholine; choline phosphatide; 1,2-diacyl-sn-glycero-3-phosphocholine; phosphatidyl-N-trimethylethanolamine; lecithin; 3-sn-phosphatidylcholine	['-']
Phosphatidylcholines-38-4	PHOSPHATIDYLCHOLINE	Glycerophospholipids	PHOSPHATIDYLCHOLINE	Phosphatidylcholine	phosphatidylcholine-38:4	PC-38:4; PC38:4	['-']	-	['-']	PC-38:4; PC38:4	['-']
Phosphatidylcholines-34-2	PHOSPHATIDYLCHOLINE	Glycerophospholipids	PHOSPHATIDYLCHOLINE	Phosphatidylcholine	phosphatidylcholine-34:2	PC-34:2; PC34:2	['-']	-	['-']	PC-34:2; PC34:2	['-']
CPD-17523	PHOSPHATIDYLCHOLINE	Glycerophospholipids	PHOSPHATIDYLCHOLINE	Phosphatidylcholine	1-palmitoyl-2-acyl-sn-glycero-3-phosphocholine	-	['-']	-	CCCCCCCCCCCCCCCC(=O)OC[C@@H](OC(=O)[R])COP(=O)([O-])OCC[N+](C)(C)C	1-palmitoyl-2-acyl-phosphatidylcholine	['-']
Phosphatidylcholines-36-5	PHOSPHATIDYLCHOLINE	Glycerophospholipids	PHOSPHATIDYLCHOLINE	Phosphatidylcholine	phosphatidylcholine-36:5	PC-36:5; PC36:5	['-']	-	['-']	PC-36:5; PC36:5	['-']
1-ACYL-2-LINOLEOYL-SN-GLYCERO-3-PHOSPHOC	PHOSPHATIDYLCHOLINE	Glycerophospholipids	Linoleoyl-groups; PHOSPHATIDYLCHOLINE	Phosphatidylcholine	1-acyl-2-linoleoyl-sn-glycero-3-phosphocholine	-	['-']	(LIGAND-CPD C04636 NIL |taltman| 3466371734 NIL NIL)	CCCCC\C=C/C\C=C/CCCCCCCC(=O)O[C@H](COC(=O)[R])COP(=O)([O-])OCC[N+](C)(C)C	['-']	['-']
Phosphatidylcholines-40-2	PHOSPHATIDYLCHOLINE	Glycerophospholipids	PHOSPHATIDYLCHOLINE	Phosphatidylcholine	phosphatidylcholine-40:2	PC-40:2; PC40:2	['-']	-	['-']	PC-40:2; PC40:2	['-']
2-arachidonoyl-PC	PHOSPHATIDYLCHOLINE	Glycerophospholipids	PHOSPHATIDYLCHOLINE	Phosphatidylcholine	1-acyl-2-arachidonoyl-phosphatidylcholine	-	['-']	-	CCCCC\C=C/C\C=C/C\C=C/C\C=C/CCCC(=O)O[C@H](COC([R])=O)COP(=O)([O-])OCC[N+](C)(C)C	2-arachidonoyl-PC; 1-acyl-2-arachidonoyl-sn-glycero-3-phosphocholine	['-']
Phosphatidylcholines-36-2	PHOSPHATIDYLCHOLINE	Glycerophospholipids	PHOSPHATIDYLCHOLINE	Phosphatidylcholine	phosphatidylcholine-36:2	PC-36:2; PC36:2	['-']	-	['-']	PC-36:2; PC36:2	['-']
1-Linoleoyl-PC	PHOSPHATIDYLCHOLINE	Glycerophospholipids	PHOSPHATIDYLCHOLINE	Phosphatidylcholine	1-linoleoyl-2-acyl-sn-glycero-3-phosphocholine	-	['-']	-	CCCCC\C=C/C\C=C/CCCCCCCC(=O)OC[C@@H](OC(=O)[R])COP(=O)([O-])OCC[N+](C)(C)C	1-linoleoyl-2-acyl-phosphatidylcholine	['-']
Phosphatidylcholines-38-6	PHOSPHATIDYLCHOLINE	Glycerophospholipids	PHOSPHATIDYLCHOLINE	Phosphatidylcholine	phosphatidylcholine-38:6	PC-38:6; PC38:6	['-']	-	['-']	PC-38:6; PC38:6	['-']
Phosphatidylcholines-40-5	PHOSPHATIDYLCHOLINE	Glycerophospholipids	PHOSPHATIDYLCHOLINE	Phosphatidylcholine	phosphatidylcholine-40:5	PC-40:5; PC40:5	['-']	-	['-']	PC-40:5; PC40:5	['-']
1-ACYL-2-OLEOYL-SN-GLYCERO-3-PHOSPHOCHOL	PHOSPHATIDYLCHOLINE	Glycerophospholipids	PHOSPHATIDYLCHOLINE	Phosphatidylcholine	1-acyl-2-oleoyl-sn-glycero-3-phosphocholine	-	['-']	(LIGAND-CPD C01282 NIL |taltman| 3466371734 NIL NIL)	CCCCCCCC\C=C/CCCCCCCC(=O)O[C@H](COC(=O)[R])COP([O-])(=O)OCC[N+](C)(C)C	['-']	['-']
1-Oleoyl-PC	PHOSPHATIDYLCHOLINE	Glycerophospholipids	PHOSPHATIDYLCHOLINE	Phosphatidylcholine	1-oleoyl-2-acyl-sn-glycero-3-phosphocholine	-	['-']	-	CCCCCCCC\C=C/CCCCCCCC(=O)OC[C@@H](OC(=O)[R])COP(=O)([O-])OCC[N+](C)(C)C	1-oleoyl-2-acyl-phosphatidylcholine	['-']
Phosphatidylcholines-40-3	PHOSPHATIDYLCHOLINE	Glycerophospholipids	PHOSPHATIDYLCHOLINE	Phosphatidylcholine	phosphatidylcholine-40:3	PC-40:3; PC40:3	['-']	-	['-']	PC-40:3; PC40:3	['-']
Phosphatidylcholines-34-3	PHOSPHATIDYLCHOLINE	Glycerophospholipids	PHOSPHATIDYLCHOLINE	Phosphatidylcholine	phosphatidylcholine-34:3	PC-34:3; PC34:3	['-']	-	['-']	PC-34:3; PC34:3	['-']
Phosphatidylcholines-34-1	PHOSPHATIDYLCHOLINE	Glycerophospholipids	PHOSPHATIDYLCHOLINE	Phosphatidylcholine	phosphatidylcholine-34:1	PC-34:1; PC34:1	['-']	-	['-']	PC-34:1; PC34:1	['-']
Phosphatidylcholines-36-3	PHOSPHATIDYLCHOLINE	Glycerophospholipids	PHOSPHATIDYLCHOLINE	Phosphatidylcholine	phosphatidylcholine-36:3	PC-36:3; PC36:3	['-']	-	['-']	PC-36:3; PC36:3	['-']
Phosphatidylcholines-38-2	PHOSPHATIDYLCHOLINE	Glycerophospholipids	PHOSPHATIDYLCHOLINE	Phosphatidylcholine	phosphatidylcholine-38:2	PC-38:2; PC38:2	['-']	-	['-']	PC-38:2; PC38:2	['-']
Phosphatidylcholines-36-4	PHOSPHATIDYLCHOLINE	Glycerophospholipids	PHOSPHATIDYLCHOLINE	Phosphatidylcholine	phosphatidylcholine-36:4	PC-36:4; PC36:4	['-']	-	['-']	PC-36:4; PC36:4	['-']
Phosphatidylcholines-36-1	PHOSPHATIDYLCHOLINE	Glycerophospholipids	PHOSPHATIDYLCHOLINE	Phosphatidylcholine	phosphatidylcholine-36:1	PC-36:1; PC36:1	['-']	-	['-']	PC-36:1; PC36:1	['-']
Phosphatidylcholines-36-6	PHOSPHATIDYLCHOLINE	Glycerophospholipids	PHOSPHATIDYLCHOLINE	Phosphatidylcholine	phosphatidylcholine-36:6	PC-36:6; PC36:6	['-']	-	['-']	PC-36:6; PC36:6	['-']
1-arachidonoyl-PC	PHOSPHATIDYLCHOLINE	Glycerophospholipids	PHOSPHATIDYLCHOLINE	Phosphatidylcholine	1-arachidonoyl-2-acyl-sn-glycero-3-phosphocholine	-	['-']	-	CCCCC\C=C/C\C=C/C\C=C/C\C=C/CCCC(=O)OC[C@@H](OC(=O)[R])COP(=O)([O-])OCC[N+](C)(C)C	1-arachidonoyl-2-acyl-phosphatidylcholine	['-']
phosphatidylcholine-30:0	PHOSPHATIDYLCHOLINE	Glycerophospholipids	PHOSPHATIDYLCHOLINE	Phosphatidylcholine	phosphatidylcholine-30:0	PC-32:0; PC32:0	['-']	-	['-']	PC-32:0; PC32:0	['-']
1-Stearoyl-PC	PHOSPHATIDYLCHOLINE	Glycerophospholipids	PHOSPHATIDYLCHOLINE	Phosphatidylcholine	1-stearoyl-2-acyl-sn-glycero-3-phosphocholine	-	['-']	-	CCCCCCCCCCCCCCCCCC(=O)OC[C@@H](OC(=O)[R])COP(=O)([O-])OCC[N+](C)(C)C	1-stearoyl-2-acyl-phosphatidylcholine	['-']
Phosphatidylcholines-38-3	PHOSPHATIDYLCHOLINE	Glycerophospholipids	PHOSPHATIDYLCHOLINE	Phosphatidylcholine	phosphatidylcholine-38:3	PC-38:3; PC38:3	['-']	-	['-']	PC-38:3; PC38:3	['-']
Phosphatidylcholines-40-4	PHOSPHATIDYLCHOLINE	Glycerophospholipids	PHOSPHATIDYLCHOLINE	Phosphatidylcholine	phosphatidylcholine-40:4	PC-40:4; PC40:4	['-']	-	['-']	PC-40:4; PC40:4	['-']
Phosphatidylcholines-34-4	PHOSPHATIDYLCHOLINE	Glycerophospholipids	PHOSPHATIDYLCHOLINE	Phosphatidylcholine	phosphatidylcholine-34:4	PC-34:4; PC34:4	['-']	-	['-']	PC-34:4; PC34:4	['-']
Phosphatidylcholines-38-5	PHOSPHATIDYLCHOLINE	Glycerophospholipids	PHOSPHATIDYLCHOLINE	Phosphatidylcholine	phosphatidylcholine-38:5	PC-38:5; PC38:5	['-']	-	['-']	PC-38:5; PC38:5	['-']
Phosphatidylcholines-32-0	PHOSPHATIDYLCHOLINE	Glycerophospholipids	PHOSPHATIDYLCHOLINE	Phosphatidylcholine	phosphatidylcholine-32:0	PC-32:0; PC32:0	['-']	-	['-']	PC-32:0; PC32:0	['-']
2-Acylglycero-Phosphocholines	-	Glycerophospholipids	1-Lyso-phospholipids; Lysophosphatidylcholines	Lysophophatidylcholine	1-lysophosphatidylcholine	-	['-']	(LIGAND-CPD C04233 NIL |kothari| 3535723080 NIL NIL); (CHEBI 16728 NIL |kothari| 3494163436 NIL NIL)	C([N+](C)(C)C)COP([O-])(=O)OC[C@H](OC([R])=O)CO	2-acylglycero-3-phosphocholine; L-1-lysolecithin; 1-lyso-2-acyl-sn-glycero-3-phosphocholine; 1-lysolecithin; &beta-lysophosphatidylcholine; 2-acylglycerophosphocholine; 2-acyl 1-lyso-sn-glycero-3-phosphatidylcholine	['-']
Fatty-Acids	SUPER	Fatty acyls	Carboxylates	Non-esterified fatty acid	fatty acid	-	['-']	(|Wikipedia| Fatty_acid NIL |caspi| 3495544650 NIL NIL); (CHEBI 35366 NIL |kothari| 3458490363 NIL NIL); (LIGAND-CPD C00162 NIL |kothari| 3458490363 NIL NIL)	C([R])([O-])=O	['-']	['-']
Cutin-Monomers	Fatty-Acids	Fatty acyls	Fatty-Acids	Non-esterified fatty acid	cutin monomer	-	['-']	(LIGAND-CPD C07300 NIL |qwan| 3371400890 NIL NIL)	['-']	cutin monomer	['-']
Myristoyl-ACPs	COMP_NOT_FOUND	-	-	-	-	-	-	-	-	-	-
NAD	SUPER	-	NAD-P-OR-NOP	-	NAD+	-	(C 21);(H 26);(N 7);(O 14);(P 2)	(BIGG 33480 NIL |kothari| 3584718837 NIL NIL); (REFMET NAD+ NIL |midford| 3701443689 NIL NIL); (BIGG nad NIL |kothari| 3661824225 NIL NIL); (METABOLIGHTS MTBLC57540 NIL |kothari| 3608991478 NIL NIL); (HMDB HMDB00902 NIL |kothari| 3608602071 NIL NIL); (CHEMSPIDER 10239196 NIL |kothari| 3563631841 NIL NIL); (CHEBI 57540 NIL |taltman| 3498180761 NIL NIL); (PUBCHEM 15938971 NIL |taltman| 3466375285 NIL NIL); (LIGAND-CPD C00003 NIL |kr| 3346617700 NIL NIL); (CAS 53-84-9)	C5(/C(/C(N)=O)=C\C=C/[N+](/[C@@H]4(O[C@H](COP(=O)([O-])OP(=O)([O-])OC[C@H]1(O[C@H]([C@H](O)[C@H](O)1)N2(\C=N/C3(C(/N)=N\C=N/C2=3))))[C@@H](O)[C@@H](O)4))=5)	NAD+; beta-nicotinamide adenine dinucleotide; coenzyme I; diphosphopyridine nucleotide; diphosphopyridine nucleotide oxidized; nicotinamide adenine dinucleotide; nicotinamide adenine dinucleotide oxidized; NAD-oxidized; NAD-ox; DPN+; DPN-ox; DPN; &beta-nicotinamide adenine dinucleotide; NAD; &beta-NAD+	['-']
Tetradec-2-enoyl-ACPs	COMP_NOT_FOUND	-	-	-	-	-	-	-	-	-	-
NADH	SUPER	-	NADH-P-OR-NOP	-	NADH	-	(C 21);(H 27);(N 7);(O 14);(P 2)	(BIGG 33484 NIL |kothari| 3584718837 NIL NIL); (REFMET NADH NIL |midford| 3701443689 NIL NIL); (BIGG nadh NIL |kothari| 3661824225 NIL NIL); (METABOLIGHTS MTBLC57945 NIL |kothari| 3608991478 NIL NIL); (HMDB HMDB01487 NIL |kothari| 3608601898 NIL NIL); (CHEMSPIDER 10239197 NIL |kothari| 3563631797 NIL NIL); (CHEBI 57945 NIL |kothari| 3557078252 NIL NIL); (PUBCHEM 21604869 NIL |ong| 3523387880 NIL NIL); (CAS 58-68-4 NIL |kothari| 3492444255 NIL NIL); (LIGAND-CPD C00004 NIL |kr| 3346617700 NIL NIL)	C1(/N(\C=C/CC(/C(N)=O)=1)[C@@H]5(O[C@H](COP(=O)([O-])OP(=O)([O-])OC[C@H]2(O[C@H]([C@H](O)[C@H](O)2)N3(\C=N/C4(C(/N)=N\C=N/C3=4))))[C@@H](O)[C@@H](O)5))	NADH2; NADH2; dihydrodiphosphopyridine nucleotide; diphosphopyridine nucleotide reduced; dihydronicotinamide adenine dinucleotide; nicotinamide adenine dinucleotide reduced; NAD-reduced; NADH+H+; DPNH; &beta-NADH	['-']
CPD-9965	-	Fatty acyls	Long-Chain-234-Saturated-acyl-CoAs	Acyl-Coenzyme A	icosanoyl-CoA	-	(C 41);(H 70);(N 7);(O 17);(P 3);(S 1)	(REFMET Eicosanoyl-CoA NIL |midford| 3701443689 NIL NIL); (HMDB HMDB04258 NIL |kothari| 3608602199 NIL NIL); (CHEBI 57380 NIL |kothari| 3577646961 NIL NIL); (PUBCHEM 25203411 NIL |taltman| 3466375284 NIL NIL); (LIGAND-CPD C02041 NIL |kr| 3410284649 NIL NIL)	CCCCCCCCCCCCCCCCCCCC(=O)SCCNC(=O)CCNC(=O)[C@H](O)C(C)(C)COP(=O)(OP(=O)(OC[C@@H]1([C@@H](OP([O-])(=O)[O-])[C@@H](O)[C@@H](O1)N2(C3(\N=C/N=C(C(\N=C/2)=3)/N))))[O-])[O-]	eicosanoyl-CoA; arachidoyl-CoA	['-']
DODECANOATE	-	Fatty acyls	Medium-Chain-234-Saturated-Fatty-Acids; Saturated-Fatty-Acids	Non-esterified fatty acid	laurate	-	(C 12);(H 23);(O 2)	(REFMET Lauric acid NIL |midford| 3701443689 NIL NIL); (METABOLIGHTS MTBLC18262 NIL |kothari| 3608991478 NIL NIL); (HMDB HMDB00638 NIL |kothari| 3608602281 NIL NIL); (CHEMSPIDER 3361474 NIL |kothari| 3563632188 NIL NIL); (PUBCHEM 4149208 NIL |taltman| 3466375284 NIL NIL); (CHEBI 18262 NIL |taltman| 3452363583 NIL NIL); (LIGAND-CPD C02679 NIL |kr| 3346617701 NIL NIL); (NCI 5026); (CAS 143-07-7)	CCCCCCCCCCCC([O-])=O	n-dodecanoic acid; dodecanoic acid; n-dodecanoic acid; lauric acid; tin II 2-ethylhexanoate; dodecanoate	['-']
LAUROYLCOA-CPD	-	Fatty acyls	Medium-Chain-234-Saturated-acyl-CoAs	Acyl-Coenzyme A	lauroyl-CoA	dodecanoyl-CoA (n-C12:0CoA); dodecanoyl-ACoA (n-C12:0ACoA)	(C 33);(H 54);(N 7);(O 17);(P 3);(S 1)	(BIGG 38504 NIL |kothari| 3584718837 NIL NIL); (REFMET Lauroyl-CoA NIL |midford| 3701443689 NIL NIL); (BIGG ddcacoa NIL |kothari| 3661824225 NIL NIL); (METABOLIGHTS MTBLC57375 NIL |kothari| 3608991478 NIL NIL); (HMDB HMDB03571 NIL |kothari| 3608603001 NIL NIL); (CHEBI 57375 NIL |taltman| 3498180761 NIL NIL); (PUBCHEM 25113193 NIL |taltman| 3466375284 NIL NIL); (LIGAND-CPD C01832 NIL |kr| 3346617700 NIL NIL); (CAS 6244-92-4)	CCCCCCCCCCCC(=O)SCCNC(=O)CCNC(=O)[C@H](O)C(C)(C)COP(=O)(OP(=O)(OC[C@@H]1([C@@H](OP([O-])(=O)[O-])[C@@H](O)[C@@H](O1)N2(C3(\N=C/N=C(C(\N=C/2)=3)/N))))[O-])[O-]	dodecanoyl-CoA (n-C12:0CoA); lauroyl coenzyme A; dodecanoyl-CoA	['-']
R-3-Hydroxypalmitoyl-ACPs	COMP_NOT_FOUND	-	-	-	-	-	-	-	-	-	-
2-Hexadecenoyl-ACPs	COMP_NOT_FOUND	-	-	-	-	-	-	-	-	-	-
CPD-14277	SUPER	Fatty acyls	CPD-16348; Very-Long-Chain-3-Hydroxyacyl-CoAs	Acyl-Coenzyme A	(3R)-3-hydroxylignoceroyl-CoA	-	(C 45);(H 78);(N 7);(O 18);(P 3);(S 1)	(PUBCHEM 72193809 NIL |kothari| 3619400336 NIL NIL); (CHEBI 76377 NIL |kothari| 3608037945 NIL NIL)	CCCCCCCCCCCCCCCCCCCCC[C@@H](O)CC(=O)SCCNC(=O)CCNC([C@H](O)C(C)(C)COP([O-])(=O)OP([O-])(=O)OC[C@@H]1([C@@H](OP(=O)([O-])[O-])[C@@H](O)[C@@H](O1)N2(\C=N/C3(C(/N)=N\C=N/C2=3))))=O	['-']	['-']
CPD-14282	SUPER	Fatty acyls	Very-Long-Chain-Trans-23-Dehydroacyl-CoA	Acyl-Coenzyme A	trans-lignocer-2-enoyl-CoA	-	(C 45);(H 76);(N 7);(O 17);(P 3);(S 1)	(PUBCHEM 71627272 NIL |kothari| 3619400315 NIL NIL); (CHEBI 74693 NIL |kothari| 3608052289 NIL NIL)	CCCCCCCCCCCCCCCCCCCCC/C=C/C(=O)SCCNC(=O)CCNC([C@H](O)C(C)(C)COP([O-])(=O)OP([O-])(=O)OC[C@@H]1([C@@H](OP(=O)([O-])[O-])[C@@H](O)[C@@H](O1)N2(\C=N/C3(C(/N)=N\C=N/C2=3))))=O	trans-2,3-dihydro-lignocerenoyl-CoA; (2E)-lignocerenoyl-CoA	['-']
Phospholipids	SUPER	-	Lipids	-	phospholipid	-	['-']	(CHEBI 16247 NIL |kothari| 3499048601 NIL NIL); (LIGAND-CPD C00865 NIL |kothari| 3499048601 NIL NIL)	['-']	['-']	['-']
Mannosylinositol-phosphorylceramides	Phospholipids	-	Phospholipids	-	mannosylinositol phosphorylceramide	-	['-']	(CHEBI 25168 NIL |kothari| 3595950646 NIL NIL)	[C@H]([R1])(O)[C@@H](NC([R2])=O)COP(O[C@@H]2([C@H](O)[C@H](O)[C@@H](O)[C@H](O)[C@@H](OC1(O[C@H](CO)[C@@H](O)[C@H](O)[C@H](O)1))2))(=O)O	['-']	['-']
Lysophospholipids	-	-	Phospholipids	-	lysophospholipid	-	['-']	(LIGAND-CPD C06254 NIL |kothari| 3499048674 NIL NIL)	['-']	['-']	['-']
Palmitoyl-ACPs	COMP_NOT_FOUND	-	-	-	-	-	-	-	-	-	-
3-oxo-hexanoyl-ACPs	COMP_NOT_FOUND	-	-	-	-	-	-	-	-	-	-
3-Oxo-octanoyl-ACPs	COMP_NOT_FOUND	-	-	-	-	-	-	-	-	-	-
Dodecanoyl-ACPs	COMP_NOT_FOUND	-	-	-	-	-	-	-	-	-	-
3-oxo-myristoyl-ACPs	COMP_NOT_FOUND	-	-	-	-	-	-	-	-	-	-
CPD-10279	-	Fatty acyls	Long-Chain-234-Saturated-acyl-CoAs	Acyl-Coenzyme A	docosanoyl-CoA	-	(C 43);(H 74);(N 7);(O 17);(P 3);(S 1)	(REFMET Behenoyl-CoA NIL |midford| 3701443689 NIL NIL); (CHEBI 65059 NIL |kothari| 3577646961 NIL NIL); (PUBCHEM 25201268 NIL |taltman| 3466375284 NIL NIL)	CCCCCCCCCCCCCCCCCCCCCC(=O)SCCNC(=O)CCNC(=O)[C@H](O)C(C)(C)COP(=O)(OP(=O)(OC[C@@H]1([C@@H](OP([O-])(=O)[O-])[C@@H](O)[C@@H](O1)N2(C3(\N=C/N=C(C(\N=C/2)=3)/N))))[O-])[O-]	behenoyl-CoA	['-']
CPD-14281	SUPER	Fatty acyls	Very-Long-Chain-Trans-23-Dehydroacyl-CoA	Acyl-Coenzyme A	trans-docos-2-enoyl-CoA	-	(C 43);(H 72);(N 7);(O 17);(P 3);(S 1)	(PUBCHEM 71627306 NIL |kothari| 3619400315 NIL NIL); (CHEBI 74692 NIL |kothari| 3608037945 NIL NIL)	CCCCCCCCCCCCCCCCCCC/C=C/C(=O)SCCNC(=O)CCNC([C@H](O)C(C)(C)COP([O-])(=O)OP([O-])(=O)OC[C@@H]1([C@@H](OP(=O)([O-])[O-])[C@@H](O)[C@@H](O1)N2(\C=N/C3(C(/N)=N\C=N/C2=3))))=O	trans-2,3-dihydro-docosenoyl-CoA; (2E)-docosenoyl-CoA	['-']
3-oxo-palmitoyl-ACPs	COMP_NOT_FOUND	-	-	-	-	-	-	-	-	-	-
Beta-3-hydroxybutyryl-ACPs	COMP_NOT_FOUND	-	-	-	-	-	-	-	-	-	-
2-C-METHYL-D-ERYTHRITOL-4-PHOSPHATE	-	-	Compounds	-	2-C-methyl-D-erythritol 4-phosphate	MEP	(C 5);(H 11);(O 7);(P 1)	(BIGG 2me4p NIL |kothari| 3661824226 NIL NIL); (PUBCHEM 21608483 NIL |kothari| 3641818093 NIL NIL); (CHEBI 58262 NIL |kothari| 3608037944 NIL NIL); (CHEMSPIDER 10645747 NIL |kothari| 3563631792 NIL NIL); (LIGAND-CPD C11434 NIL |kr| 3346617700 NIL NIL)	C[C@](O)(CO)[C@H](O)COP([O-])([O-])=O	2-methylerylthritol 4-phosphate	['-']
biotin-L-lysine-in-BCCP-dimers	-	-	Protein-Modified-Amino-Acids	-	[biotin carboxyl-carrier-protein dimer]-N6-biotinyl-L-lysine	-	['-']	-	C(NC(=O)CCCC[C@@H]1(SC[C@@H]2(NC(=O)N[C@H]12)))CCC[C@@H](C([a [biotin carboxyl-carrier protein] monomer])=O)N[a [biotin carboxyl-carrier protein] monomer].C(NC(=O)CCCC[C@@H]3(SC[C@@H]4(NC(=O)N[C@H]34)))CCC[C@@H](C([a [biotin carboxyl-carrier protein] monomer])=O)N[a [biotin carboxyl-carrier protein] monomer]	[BCCP dimer]-N6-biotinyl-L-lysine	['-']
HCO3	-	-	Inorganic-Anions	-	hydrogencarbonate	-	(C 1);(H 1);(O 3)	(BIGG hco3 NIL |kothari| 3661824226 NIL NIL); (METABOLIGHTS MTBLC17544 NIL |kothari| 3608991478 NIL NIL); (HMDB HMDB00595 NIL |kothari| 3608597114 NIL NIL); (CHEMSPIDER 749 NIL |kothari| 3563632893 NIL NIL); (PUBCHEM 769 NIL |taltman| 3466375285 NIL NIL); (CHEBI 17544 NIL |taltman| 3452363274 NIL NIL); (CAS 71-52-3 NIL |kr| 3346617699 NIL NIL); (LIGAND-CPD C00288 NIL |kr| 3346617699 NIL NIL); (CAS 144-55-8)	C([O-])(=O)O	carbonate; CO3-2; CO32-; HCO3-; HCO3; bicarbonate	['-']
Pi	-	-	Phosphates	-	phosphate	-	(H 1);(O 4);(P 1)	(REFMET Phosphoric acid NIL |midford| 3701443689 NIL NIL); (BIGG pi NIL |kothari| 3661824226 NIL NIL); (PUBCHEM 3681305 NIL |kothari| 3619398602 NIL NIL); (CHEBI 43474 NIL |kothari| 3609163837 NIL NIL); (METABOLIGHTS MTBLC43474 NIL |kothari| 3609160995 NIL NIL); (HMDB HMDB00973 NIL |kothari| 3608597114 NIL NIL); (KNAPSACK C00007408 NIL |rleitao| 3434750086 NIL NIL); (LIGAND-CPD C00009 NIL |kr| 3346617699 NIL NIL); (CAS 14265-44-2)	[O-]P(=O)(O)[O-]	inorganic phosphate; phosphate-inorganic; Pi; orthophosphate; PO43-; HPO42-; HPO4-2	['-']
carboxybiotin-L-lysine-in-BCCP-dimers	-	-	Protein-Modified-Amino-Acids	-	[carboxyl-carrier protein dimer]-N6-carboxybiotinyl-L-lysine	-	['-']	-	C(NC(=O)CCCC[C@@H]1(SC[C@@H]2(N(C([O-])=O)C(=O)N[C@H]12)))CCC[C@@H](C([a [biotin carboxyl-carrier protein] monomer])=O)N[a [biotin carboxyl-carrier protein] monomer].C(NC(=O)CCCC[C@@H]3(SC[C@@H]4(NC(=O)N[C@H]34)))CCC[C@@H](C([a [biotin carboxyl-carrier protein] monomer])=O)N[a [biotin carboxyl-carrier protein] monomer]	[BCCP dimer]-N6-carboxybiotinyl-L-lysine; [BCCP]-N6-carboxybiotinyl-L-lysine	['-']
ADP	-	-	All-Nucleosides	-	ADP	-	(C 10);(H 12);(N 5);(O 10);(P 2)	(REFMET ADP NIL |midford| 3701443689 NIL NIL); (BIGG adp NIL |kothari| 3661824226 NIL NIL); (METABOLIGHTS MTBLC456216 NIL |kothari| 3608991478 NIL NIL); (HMDB HMDB01341 NIL |kothari| 3608602594 NIL NIL); (CHEMSPIDER 5414423 NIL |kothari| 3563631944 NIL NIL); (CHEBI 456216 NIL |kothari| 3557077345 NIL NIL); (PUBCHEM 7058055 NIL |taltman| 3451921010 NIL NIL); (LIGAND-CPD C00008 NIL |kr| 3346617701 NIL NIL); (CAS 58-64-0)	C([C@@H]3([C@H]([C@H]([C@H](N1(C2(\N=C/N=C(C(\N=C/1)=2)/N)))O3)O)O))OP(OP(=O)([O-])[O-])([O-])=O	adenosine pyrophosphate; adenosine 5'-pyrophosphate; adenosine-5'-diphosphate; adenosine-diphosphate; adenosine-5-diphosphate	['-']
R-3-hydroxymyristoyl-ACPs	COMP_NOT_FOUND	-	-	-	-	-	-	-	-	-	-
GERANYLGERANYL-PP	-	-	TRANS-POLYISOPRENYL-PP	-	geranylgeranyl diphosphate	GGPP	(C 20);(H 33);(O 7);(P 2)	(REFMET Geranylgeranyl diphosphate NIL |midford| 3701443689 NIL NIL); (CHEBI 58756 NIL |caspi| 3610455683 NIL NIL); (METABOLIGHTS MTBLC58756 NIL |kothari| 3608991478 NIL NIL); (HMDB HMDB04486 NIL |kothari| 3608602944 NIL NIL); (DRUGBANK DB07841 NIL |kothari| 3594430417 NIL NIL); (CHEMSPIDER 4593687 NIL |kothari| 3563632011 NIL NIL); (PUBCHEM 5497105 NIL |taltman| 3466375285 NIL NIL); (LIGAND-CPD C00353 NIL |kr| 3410284649 NIL NIL)	CC(C)=CCCC(\C)=C/CCC(\C)=C/CCC(\C)=C/COP(=O)([O-])OP(=O)([O-])[O-]	GGPP; all-trans-geranyl-geranyl-pp; geranylgeranyl-PP; geranylgeranyl diphosphate; (2E,6E,10E)-geranylgeranyl diphosphate; &omega,E,E,E-geranylgeranyl diphosphate; (2E,6E,10E)-3,7,11,15-tetramethylhexadeca-2,6,10,14-tetraen-1-yl diphosphate; all-trans-geranylgeranyl diphosphate; 2-trans,6-trans,10-trans-geranylgeranyl diphosphate	['-']
CPD-21340	-	-	TRANS-POLYISOPRENYL-PP	-	all-trans-nonaprenyl diphosphate	-	(C 45);(H 73);(O 7);(P 2)	(PUBCHEM 25244603 NIL |taltman| 3466375284 NIL NIL); (CHEBI 58391 NIL |ong| 3523630741 NIL NIL); (CHEMSPIDER 4444250 NIL |hartmut| 3731409016 NIL NIL); (LIGAND-CPD C04145 NIL |hartmut| 3731409016 NIL NIL); (PUBCHEM 5280650 NIL |hartmut| 3731409016 NIL NIL)	CC(C)=CCCC(\C)=C/CCC(\C)=C/CCC(\C)=C/CCC(\C)=C/CCC(\C)=C/CCC(\C)=C/CCC(\C)=C/CCC(\C)=C/COP(OP(=O)([O-])[O-])(=O)[O-]	(hydroxy-(3,7,11,15,19,23,27,31,35-nonamethylhexatriaconta-2,6,10,14,18,22,26,30,34-nonaenoxy)phosphinoyl)oxyphosphonic acid; solanyl pyrophosphate; all-trans-nonaprenyl diphosphate; solanesyl pyrophosphate; solanesyl diphosphate	['-']
Butanoyl-ACPs	COMP_NOT_FOUND	-	-	-	-	-	-	-	-	-	-
Crotonyl-ACPs	COMP_NOT_FOUND	-	-	-	-	-	-	-	-	-	-
CPD-14276	-	Fatty acyls	Very-Long-Chain-3-Hydroxyacyl-CoAs	Acyl-Coenzyme A	(3R)-3-hydroxybehenoyl-CoA	-	(C 43);(H 74);(N 7);(O 18);(P 3);(S 1)	(PUBCHEM 72193817 NIL |kothari| 3619400336 NIL NIL); (CHEBI 76375 NIL |kothari| 3608037945 NIL NIL)	CCCCCCCCCCCCCCCCCCC[C@@H](O)CC(=O)SCCNC(=O)CCNC([C@H](O)C(C)(C)COP([O-])(=O)OP([O-])(=O)OC[C@@H]1([C@@H](OP(=O)([O-])[O-])[C@@H](O)[C@@H](O1)N2(\C=N/C3(C(/N)=N\C=N/C2=3))))=O	(3R)-3-hydroxydocosanoyl-CoA	['-']
3-oxo-decanoyl-ACPs	COMP_NOT_FOUND	-	-	-	-	-	-	-	-	-	-
Octanoyl-ACPs	COMP_NOT_FOUND	-	-	-	-	-	-	-	-	-	-
Hexanoyl-ACPs	COMP_NOT_FOUND	-	-	-	-	-	-	-	-	-	-
Hex-2-enoyl-ACPs	COMP_NOT_FOUND	-	-	-	-	-	-	-	-	-	-
OH-ACYL-ACP	COMP_NOT_FOUND	-	-	-	-	-	-	-	-	-	-
CPD-14275	-	Fatty acyls	Long-Chain-3-Hydroxyacyl-CoAs	Acyl-Coenzyme A	(3R)-3-hydroxy-arachidoyl-CoA	-	(C 41);(H 70);(N 7);(O 18);(P 3);(S 1)	(PUBCHEM 72193813 NIL |kothari| 3619400336 NIL NIL); (CHEBI 76373 NIL |kothari| 3608052289 NIL NIL)	CCCCCCCCCCCCCCCCC[C@@H](O)CC(=O)SCCNC(=O)CCNC([C@H](O)C(C)(C)COP([O-])(=O)OP([O-])(=O)OC[C@@H]1([C@@H](OP(=O)([O-])[O-])[C@@H](O)[C@@H](O1)N2(\C=N/C3(C(/N)=N\C=N/C2=3))))=O	['-']	['-']
CPD-14271	-	Fatty acyls	Long-Chain-oxoacyl-CoAs	Acyl-Coenzyme A	3-oxoicosanoyl-CoA	-	(C 41);(H 68);(N 7);(O 18);(P 3);(S 1)	(REFMET 3-oxoicosanoyl-CoA NIL |midford| 3701443689 NIL NIL); (PUBCHEM 70678676 NIL |kothari| 3619400276 NIL NIL); (CHEBI 65115 NIL |kothari| 3608037945 NIL NIL)	CCCCCCCCCCCCCCCCCC(=O)CC(=O)SCCNC(=O)CCNC([C@H](O)C(C)(C)COP([O-])(=O)OP([O-])(=O)OC[C@@H]1([C@@H](OP(=O)([O-])[O-])[C@@H](O)[C@@H](O1)N2(\C=N/C3(C(/N)=N\C=N/C2=3))))=O	['-']	['-']
Very-Long-Chain-Trans-23-Dehydroacyl-CoA	SUPER	Fatty acyls	TRANS-D2-ENOYL-COA	Acyl-Coenzyme A	very-long-chain (2E)-2-enoyl-CoA	-	['-']	-	C(CCCCCCCCCCCCCCCCCCC/C=C/C(SCCNC(=O)CCNC(=O)[C@H](O)C(C)(C)COP(=O)(OP(=O)(OC[C@H]1(O[C@H]([C@@H]([C@@H]1OP([O-])(=O)[O-])O)N2(C3(\N=C/N=C(C(\N=C/2)=3)/N))))[O-])[O-])=O)[R]	very-long-chain trans-2,3-dehydroacyl-CoA; very-long-chain trans-2,3-didehydroacyl-CoA; very-long-chain trans-2-enoyl-CoA; very-long-chain trans-&Delta2-enoyl-CoA; very-long-chain trans-didehydroacyl-CoA; very-long-chain (2E)-2-enoyl-CoA	['-']
5-METHYLTHIOADENOSINE	-	-	Compounds	-	S-methyl-5'-thioadenosine	-	(C 11);(H 15);(N 5);(O 3);(S 1)	(REFMET 5'-Methylthioadenosine NIL |midford| 3697479617 NIL NIL); (BIGG 5mta NIL |kothari| 3661824225 NIL NIL); (METABOLIGHTS MTBLC17509 NIL |kothari| 3608991478 NIL NIL); (HMDB HMDB01173 NIL |kothari| 3594494379 NIL NIL); (DRUGBANK DB02282 NIL |kothari| 3594430403 NIL NIL); (CHEMSPIDER 388321 NIL |kothari| 3563631732 NIL NIL); (PUBCHEM 439176 NIL |taltman| 3466375285 NIL NIL); (CHEBI 17509 NIL |taltman| 3452363491 NIL NIL); (LIGAND-CPD C00170 NIL |kr| 3346617701 NIL NIL); (CAS 2457-80-9)	CSC[C@H]1(O[C@H]([C@H](O)[C@H](O)1)N2(\C=N/C3(\C/2=N/C=N\C(/N)=3)))	methylthioadenosine; 5'-methylthioadenosine; MTA	['-']
Decanoyl-ACPs	COMP_NOT_FOUND	-	-	-	-	-	-	-	-	-	-
B-KETOACYL-ACP	COMP_NOT_FOUND	-	-	-	-	-	-	-	-	-	-
Oxidized-ferredoxins	COMP_NOT_FOUND	-	-	-	-	-	-	-	-	-	-
HYDROXY-METHYL-BUTENYL-DIP	-	-	Compounds	-	(E)-4-hydroxy-3-methylbut-2-en-1-yl diphosphate	-	(C 5);(H 9);(O 8);(P 2)	(BIGG h2mb4p NIL |kothari| 3661824225 NIL NIL); (CHEMSPIDER 10224038 NIL |kothari| 3563631798 NIL NIL); (CHEBI 128753 NIL |taltman| 3498180761 NIL NIL); (PUBCHEM 21597501 NIL |taltman| 3466375285 NIL NIL); (LIGAND-CPD C11811 NIL |kr| 3346617698 NIL NIL)	CC(/CO)=C\COP(OP([O-])(=O)[O-])(=O)[O-]	(E)-4-hydroxy-3-methylbut 2-en-1-yl diphosphate; HMBDP; 1-hydroxy-2-methyl-2-(E)-butenyl 4-diphosphate	['-']
Reduced-ferredoxins	COMP_NOT_FOUND	-	-	-	-	-	-	-	-	-	-
3-Hydroxy-octanoyl-ACPs	COMP_NOT_FOUND	-	-	-	-	-	-	-	-	-	-
GERANYL-PP	-	-	Monoterpenyl-Diphosphates; Polyisoprenyl-Diphosphates	-	geranyl diphosphate	-	(C 10);(H 17);(O 7);(P 2)	(BIGG grdp NIL |kothari| 3661824225 NIL NIL); (METABOLIGHTS MTBLC58057 NIL |kothari| 3608991478 NIL NIL); (HMDB HMDB01285 NIL |kothari| 3608602019 NIL NIL); (CHEMSPIDER 14211068 NIL |kothari| 3563631813 NIL NIL); (CHEBI 58057 NIL |caspi| 3538250814 NIL NIL); (KNAPSACK C00000846 NIL |achi1| 3445698168 NIL NIL); (PUBCHEM 19379894 NIL |taltman| 3466375285 NIL NIL); (LIGAND-CPD C00341 NIL |kr| 3346617699 NIL NIL)	CC(C)=CCCC(\C)=C/COP([O-])(OP(=O)([O-])[O-])=O	geranyl-diphosphate; geranyl-pyrophosphate; GPP; geranyl-PP; geranyl pyrophosphate; &omega,E-geranyl diphosphate	['-']
FARNESYL-PP	-	-	Methyl-Branched-Lipids; Sesquiterpenes; TRANS-POLYISOPRENYL-PP	-	(2E,6E)-farnesyl diphosphate	-	(C 15);(H 25);(O 7);(P 2)	(BIGG frdp NIL |kothari| 3661824225 NIL NIL); (METABOLIGHTS MTBLC175763 NIL |kothari| 3608991478 NIL NIL); (HMDB HMDB00961 NIL |kothari| 3608602183 NIL NIL); (CHEMSPIDER 11633047 NIL |kothari| 3563631839 NIL NIL); (CHEBI 175763 NIL |taltman| 3498180761 NIL NIL); (KNAPSACK C00007268 NIL |achi1| 3445698166 NIL NIL); (PUBCHEM 15983959 NIL |taltman| 3451921010 NIL NIL); (LIGAND-CPD C00448 NIL |keseler| 3341251944 NIL NIL); (CAS 13058-04-3)	CC(C)=CCCC(\C)=C/CCC(\C)=C/COP(OP([O-])(=O)[O-])(=O)[O-]	2-trans,6-trans-farnesyl diphosphate; 2-trans,6-trans-farnesyl diphosphate; FPP; trans, trans-farnesyl diphosphate; farnesyl-PP; farnesyl pyrophosphate; &omega,E,E-farnesyl diphosphate; farnesyl diphosphate; (E,E)-farnesyl diphosphate; all-trans-farnesyl diphosphate; C15-PP	['-']
ACETYL-COA	-	Fatty acyls	All-Coas	Acyl-Coenzyme A	acetyl-CoA	-	(C 23);(H 34);(N 7);(O 17);(P 3);(S 1)	(BIGG 33558 NIL |kothari| 3584718837 NIL NIL); (REFMET Acetyl-CoA NIL |midford| 3701443689 NIL NIL); (BIGG accoa NIL |kothari| 3661824226 NIL NIL); (METABOLIGHTS MTBLC57288 NIL |kothari| 3608991478 NIL NIL); (HMDB HMDB01206 NIL |kothari| 3608602315 NIL NIL); (CHEBI 57288 NIL |ong| 3523630742 NIL NIL); (PUBCHEM 45266541 NIL |ong| 3523387880 NIL NIL); (KNAPSACK C00007259 NIL |achi1| 3445698159 NIL NIL); (CAS 72-89-9); (UM-BBD-CPD c0031 NIL |kawakami| 3278884159 NIL NIL); (LIGAND-CPD C00024 NIL |kawakami| 3276028395 NIL NIL)	CC(=O)SCCNC(=O)CCNC(=O)[C@H](O)C(C)(C)COP(=O)(OP(=O)(OC[C@@H]1([C@@H](OP([O-])(=O)[O-])[C@@H](O)[C@@H](O1)N2(C3(\N=C/N=C(C(\N=C/2)=3)/N))))[O-])[O-]	acetyl coenzyme-A; ac-CoA; acetylcoenzyme-A; acetyl-S-CoA; ac-S-CoA	['-']
CPD-14553	-	-	Alpha-D-Galactosides; UDP-sugar	-	UDP-&alpha-D-galactose	-	(C 15);(H 22);(N 2);(O 17);(P 2)	(BIGG 33675 NIL |kothari| 3584718837 NIL NIL); (BIGG udpgal NIL |kothari| 3661824226 NIL NIL); (CHEBI 66914 NIL |kothari| 3641835422 NIL NIL); (PUBCHEM 9549262 NIL |kothari| 3641818092 NIL NIL); (METABOLIGHTS MTBLC66914 NIL |kothari| 3608991478 NIL NIL); (HMDB HMDB00302 NIL |kothari| 3608602439 NIL NIL); (CHEMSPIDER 17069 NIL |kothari| 3573843430 NIL NIL); (CAS 2956-16-3); (LIGAND-CPD C00052 NIL |kr| 3346617700 NIL NIL)	C(O)[C@@H]1([C@H](O)[C@H](O)[C@@H](O)[C@H](O1)OP(OP(=O)([O-])OC[C@H]2(O[C@H]([C@H](O)[C@H](O)2)N3(\C=C/C(=O)NC(=O)3)))([O-])=O)	UDP-&alpha-D-galactopyranose; UDP-galactose	['-']
Galactosyl-galactosyl-diacyl-glycerols	SUPER	Glycerolipids	DGDG	Dihexosyldiacylglycerol	&alpha,&beta-digalactosyldiacylglycerol	-	['-']	(LIGAND-CPD C06037 NIL |kothari| 3499016203 NIL NIL); (CHEBI 28396 NIL |kothari| 3499016203 NIL NIL)	C(O)[C@H]1(O[C@@H]([C@H](O)[C@@H](O)[C@@H](O)1)OC[C@H]2(O[C@@H](OC[C@@H](COC(=O)[R1])OC(=O)[R2])[C@H](O)[C@@H](O)[C@@H](O)2))	(&alpha-D-galactosyl-(1->6)-&beta-D-galactosyl)-1,2-diacyl-sn-glycerol; 3(&alpha-D-galactosyl-(1->6)-&beta-D-galactosyl)-1,2-diacyl-sn-glycerol; DGDG; &alpha-D-galactosyl-&beta-D-galactosyldiacylglycerol	['-']
Digalactosyldiacylglycerols-36-2	Galactosyl-galactosyl-diacyl-glycerols	Glycerolipids	Galactosyl-galactosyl-diacyl-glycerols	Dihexosyldiacylglycerol	digalactosyldiacylglycerol-36:2	DGDG-36:2; DGDG36:2	['-']	-	['-']	DGDG-36:2; DGDG36:2	['-']
Digalactosyldiacylglycerols-34-5	Galactosyl-galactosyl-diacyl-glycerols	Glycerolipids	Galactosyl-galactosyl-diacyl-glycerols	Dihexosyldiacylglycerol	digalactosyldiacylglycerol-34:5	DGDG-34:5; DGDG34:5	['-']	-	['-']	DGDG-34:5; DGDG34:5	['-']
Digalactosyldiacylglycerols-34-1	Galactosyl-galactosyl-diacyl-glycerols	Glycerolipids	Galactosyl-galactosyl-diacyl-glycerols	Dihexosyldiacylglycerol	digalactosyldiacylglycerol-34:1	DGDG-34:1; DGDG34:1	['-']	-	['-']	DGDG-34:1; DGDG34:1	['-']
Digalactosyldiacylglycerols-38-6	Galactosyl-galactosyl-diacyl-glycerols	Glycerolipids	Galactosyl-galactosyl-diacyl-glycerols	Dihexosyldiacylglycerol	digalactosyldiacylglycerol-38:6	DGDG-38:6; DGDG38:6	['-']	-	['-']	DGDG-38:6; DGDG38:6	['-']
Digalactosyldiacylglycerols-34-4	Galactosyl-galactosyl-diacyl-glycerols	Glycerolipids	Galactosyl-galactosyl-diacyl-glycerols	Dihexosyldiacylglycerol	digalactosyldiacylglycerol-34:4	DGDG-34:4; DGDG34:4	['-']	-	['-']	DGDG-34:4; DGDG34:4	['-']
Digalactosyldiacylglycerols-38-3	Galactosyl-galactosyl-diacyl-glycerols	Glycerolipids	Galactosyl-galactosyl-diacyl-glycerols	Dihexosyldiacylglycerol	digalactosyldiacylglycerol-38:3	DGDG-38:3; DGDG38:3	['-']	-	['-']	DGDG-38:3; DGDG38:3	['-']
Digalactosyldiacylglycerols-38-5	Galactosyl-galactosyl-diacyl-glycerols	Glycerolipids	Galactosyl-galactosyl-diacyl-glycerols	Dihexosyldiacylglycerol	digalactosyldiacylglycerol-38:5	DGDG-38:5; DGDG38:5	['-']	-	['-']	DGDG-38:5; DGDG38:5	['-']
Digalactosyldiacylglycerols-36-1	Galactosyl-galactosyl-diacyl-glycerols	Glycerolipids	Galactosyl-galactosyl-diacyl-glycerols	Dihexosyldiacylglycerol	digalactosyldiacylglycerol-36:1	DGDG-36:1; DGDG36:1	['-']	-	['-']	DGDG-36:1; DGDG36:1	['-']
Digalactosyldiacylglycerols-36-6	Galactosyl-galactosyl-diacyl-glycerols	Glycerolipids	Galactosyl-galactosyl-diacyl-glycerols	Dihexosyldiacylglycerol	digalactosyldiacylglycerol-36:6	DGDG-36:6; DGDG36:6	['-']	-	['-']	DGDG-36:6; DGDG36:6	['-']
Digalactosyldiacylglycerols-36-3	Galactosyl-galactosyl-diacyl-glycerols	Glycerolipids	Galactosyl-galactosyl-diacyl-glycerols	Dihexosyldiacylglycerol	digalactosyldiacylglycerol-36:3	DGDG-36:3; DGDG36:3	['-']	-	['-']	DGDG-36:3; DGDG36:3	['-']
Digalactosyldiacylglycerols-38-4	Galactosyl-galactosyl-diacyl-glycerols	Glycerolipids	Galactosyl-galactosyl-diacyl-glycerols	Dihexosyldiacylglycerol	digalactosyldiacylglycerol-38:4	DGDG-38:4; DGDG38:4	['-']	-	['-']	DGDG-38:4; DGDG38:4	['-']
Digalactosyldiacylglycerols-34-6	Galactosyl-galactosyl-diacyl-glycerols	Glycerolipids	Galactosyl-galactosyl-diacyl-glycerols	Dihexosyldiacylglycerol	digalactosyldiacylglycerol-34:6	DGDG-34:6; DGDG34:6	['-']	-	['-']	DGDG-34:6; DGDG34:6	['-']
Digalactosyldiacylglycerols-36-5	Galactosyl-galactosyl-diacyl-glycerols	Glycerolipids	Galactosyl-galactosyl-diacyl-glycerols	Dihexosyldiacylglycerol	digalactosyldiacylglycerol-36:5	DGDG-36:5; DGDG36:5	['-']	-	['-']	DGDG-36:5; DGDG36:5	['-']
Digalactosyldiacylglycerols-36-4	Galactosyl-galactosyl-diacyl-glycerols	Glycerolipids	Galactosyl-galactosyl-diacyl-glycerols	Dihexosyldiacylglycerol	digalactosyldiacylglycerol-36:4	DGDG-36:4; DGDG36:4	['-']	-	['-']	DGDG-36:4; DGDG36:4	['-']
Digalactosyldiacylglycerols-34-2	Galactosyl-galactosyl-diacyl-glycerols	Glycerolipids	Galactosyl-galactosyl-diacyl-glycerols	Dihexosyldiacylglycerol	digalactosyldiacylglycerol-34:2	DGDG-34:2; DGDG34:2	['-']	-	['-']	DGDG-34:2; DGDG34:2	['-']
Digalactosyldiacylglycerols-34-3	Galactosyl-galactosyl-diacyl-glycerols	Glycerolipids	Galactosyl-galactosyl-diacyl-glycerols	Dihexosyldiacylglycerol	digalactosyldiacylglycerol-34:3	DGDG-34:3; DGDG34:3	['-']	-	['-']	DGDG-34:3; DGDG34:3	['-']
UDP	-	-	Pyrimidines	-	UDP	-	(C 9);(H 11);(N 2);(O 12);(P 2)	(BIGG 33518 NIL |kothari| 3584718837 NIL NIL); (REFMET UDP NIL |midford| 3701443689 NIL NIL); (BIGG udp NIL |kothari| 3661824226 NIL NIL); (METABOLIGHTS MTBLC58223 NIL |kothari| 3608991478 NIL NIL); (HMDB HMDB00295 NIL |kothari| 3608602966 NIL NIL); (CHEMSPIDER 16739715 NIL |kothari| 3563631820 NIL NIL); (PUBCHEM 20056717 NIL |taltman| 3451921010 NIL NIL); (CHEBI 58223 NIL |ong| 3523630741 NIL NIL); (KNAPSACK C00007313 NIL |achi1| 3445698173 NIL NIL); (LIGAND-CPD C00015 NIL |kr| 3346617699 NIL NIL); (CAS 58-98-0)	C(OP(=O)([O-])OP(=O)([O-])[O-])[C@H]1(O[C@H]([C@H](O)[C@H](O)1)N2(\C=C/C(=O)NC(=O)2))	uridine-diphosphate; uridine-5'-diphosphate	['-']
2C-METH-D-ERYTHRITOL-CYCLODIPHOSPHATE	-	-	Compounds	-	2-C-methyl-D-erythritol-2,4-cyclodiphosphate	-	(C 5);(H 10);(O 9);(P 2)	(BIGG 2mecdp NIL |kothari| 3661824226 NIL NIL); (CHEMSPIDER 10241147 NIL |kothari| 3563631797 NIL NIL); (CHEBI 58483 NIL |taltman| 3498180761 NIL NIL); (PUBCHEM 21605869 NIL |taltman| 3466375284 NIL NIL); (LIGAND-CPD C11453 NIL |kr| 3346617700 NIL NIL)	C[C@@]1(CO)(OP(=O)([O-])OP(=O)([O-])OC[C@@H](O)1)	ME-2,4cPP	['-']
Palmitoyl-lipid	SUPER	Fatty acyls	Fatty-Acids-Within-Glycerolipids	Non-esterified fatty acid	[glycerolipid]-palmitate	-	['-']	-	CCCCCCCCCCCCCCCC([a glycerolipid])=O	['-']	['-']
OXYGEN-MOLECULE	-	-	Inorganic-Compounds	-	oxygen	O<SUB>2</SUB>	(O 2)	(BIGG 33493 NIL |kothari| 3584718837 NIL NIL); (BIGG o2 NIL |kothari| 3661824225 NIL NIL); (METABOLIGHTS MTBLC15379 NIL |kothari| 3608991478 NIL NIL); (HMDB HMDB01377 NIL |kothari| 3604149734 NIL NIL); (CHEMSPIDER 952 NIL |kothari| 3563632861 NIL NIL); (PUBCHEM 977 NIL |taltman| 3466375284 NIL NIL); (CHEBI 15379 NIL |taltman| 3452438148 NIL NIL); (LIGAND-CPD C00007 NIL |kr| 3346617701 NIL NIL); (CAS 7782-44-7)	O=O	oxygen molecule	O2
CPD-17294	SUPER	Fatty acyls	Fatty-Acids-Within-Glycerolipids	Non-esterified fatty acid	[glycerolipid]-(7Z)-hexadecenoate	-	['-']	-	CCCCCCCC\C=C/CCCCCC(=O)[a glycerolipid]	[glycerolipid]-(7Z)-hexadecenoic acid; [glycerolipid]-cis-7-hexadecenoic acid	['-']
NADH-P-OR-NOP	SUPER	-	Dinucleotide-Electron-Carriers	-	NAD(P)H	-	['-']	(CHEBI 13392 NIL |kothari| 3499012315 NIL NIL)	C1(/N(\C=C/CC(/C(N)=O)=1)[C@@H]5(O[C@H](COP(=O)([O-])OP(=O)([O-])OC[C@H]2(O[C@H]([C@H](O[R])[C@H](O)2)N3(\C=N/C4(C(/N)=N\C=N/C3=4))))[C@@H](O)[C@@H](O)5))	&beta-NAD(P)H	['-']
SQUALENE	-	-	Triterpenes	-	squalene	-	(C 30);(H 50)	(REFMET Squalene NIL |midford| 3697479617 NIL NIL); (PUBCHEM 638072 NIL |kothari| 3651883220 NIL NIL); (METABOLIGHTS MTBLC15440 NIL |kothari| 3608996240 NIL NIL); (HMDB HMDB00256 NIL |kothari| 3608601834 NIL NIL); (LIPID_MAPS LMPR0106010002 NIL |kothari| 3594492024 NIL NIL); (CHEBI 15440 NIL |hartmut| 3568045648 NIL NIL); (LIGAND-CPD C00751 NIL |taltman| 3459474373 NIL NIL); (CAS 111-02-4)	CC(C)=CCCC(\C)=C/CCC(\C)=C/CC/C=C(C)/CC/C=C(C)/CCC=C(C)C	['-']	['-']
NAD-P-OR-NOP	SUPER	-	Dinucleotide-Electron-Carriers	-	NAD(P)+	-	['-']	(CHEBI 13390 NIL |kothari| 3499012217 NIL NIL)	C5(/C=C\C(\C(=O)N)=C/[N+](/[C@@H]1(O[C@@H]([C@H]([C@H]1O)O)COP(OP(OC[C@H]4(O[C@@H](N2(C3(\C(\N=C/2)=C(N)/N=C\N=3)))[C@H](O[R])[C@H](O)4))(=O)[O-])(=O)[O-]))=5)	NAD(P); NAD(P)+; &beta-NAD(P)+	['-']
R-3-hydroxyhexanoyl-ACPs	COMP_NOT_FOUND	-	-	-	-	-	-	-	-	-	-
Very-Long-Chain-3-Hydroxyacyl-CoAs	SUPER	Fatty acyls	D-3-HYDROXYACYL-COA	Acyl-Coenzyme A	very-long-chain (3R)-3-hydroxyacyl-CoA	-	['-']	-	C(CCCCCCCCCCCCCCCCCCC[C@@H](O)CC(SCCNC(=O)CCNC(=O)[C@H](O)C(C)(C)COP(=O)(OP(=O)(OC[C@H]1(O[C@H]([C@@H]([C@@H]1OP([O-])(=O)[O-])O)N2(C3(\N=C/N=C(C(\N=C/2)=3)/N))))[O-])[O-])=O)[R]	['-']	['-']
2-Octenoyl-ACPs	COMP_NOT_FOUND	-	-	-	-	-	-	-	-	-	-
2-PHOSPHO-4-CYTIDINE-5-DIPHOSPHO-2-C-MET	-	-	CDP-SUGARS; Sugar-Phosphate	-	2-phospho-4-(cytidine 5'-diphospho)-2-C-methyl-D-erythritol	-	(C 14);(H 22);(N 3);(O 17);(P 3)	(BIGG 2p4c2me NIL |kothari| 3661824226 NIL NIL); (CHEBI 57919 NIL |ong| 3523630741 NIL NIL); (PUBCHEM 46878430 NIL |ong| 3523387880 NIL NIL); (LIGAND-CPD C11436 NIL |taltman| 3459474374 NIL NIL)	C[C@](OP([O-])([O-])=O)(CO)[C@H](O)COP(OP([O-])(=O)OC[C@@H]2([C@H]([C@@H](O)[C@H](N1(C(/N=C(\C=C/1)/N)=O))O2)O))([O-])=O	CDP-ME-2P; CDP-methyl-D-erylthritol 2-phosphate; 4-diphosphocytidyl-2C-methyl-D-erythritol 2-phosphate; 4-diphosphocytidyl-2-C-methylerythritol 2-phosphate	['-']
CMP	-	-	Pyrimidine-ribonucleosides-5-P	-	CMP	-	(C 9);(H 12);(N 3);(O 8);(P 1)	(REFMET CMP NIL |midford| 3701443689 NIL NIL); (BIGG cmp NIL |kothari| 3661824226 NIL NIL); (METABOLIGHTS MTBLC60377 NIL |kothari| 3608991478 NIL NIL); (HMDB HMDB00095 NIL |kothari| 3608602588 NIL NIL); (CHEMSPIDER 5414497 NIL |kothari| 3563631944 NIL NIL); (CHEBI 60377 NIL |taltman| 3498180761 NIL NIL); (PUBCHEM 7058165 NIL |taltman| 3466375285 NIL NIL); (LIGAND-CPD C00055 NIL |kr| 3346617699 NIL NIL); (CAS 63-37-6)	C([C@@H]2([C@H]([C@H]([C@H](N1(C(/N=C(\C=C/1)/N)=O))O2)O)O))OP([O-])([O-])=O	5'-cytidylic acid; cytidine 5'-monophosphate; cytidylate; cytidylic acid; cytidine-P; cytidine-monophosphate; cytidine-phosphate; cytidine 5'-phosphate	['-']
2-Lysophosphatidylcholines	-	Glycerophospholipids	2-Lyso-phospholipids; Lysophosphatidylcholines	Lysophophatidylcholine	2-lysophosphatidylcholine	-	['-']	(LIGAND-CPD C04230 NIL |kothari| 3499017819 NIL NIL); (CHEBI 17504 NIL |kothari| 3499017819 NIL NIL)	C[N+](C)(C)CCOP([O-])(=O)OC[C@@H](COC([R])=O)O	alpha-acylglycerophosphocholine; 1-acylglycerophosphocholine; 1-acyl-sn-glycerol-3-phosphocholine; 2-lyso-phosphatidylcholine; 1-acylglycero-3-phosphocholine; 2-lysolecithin	['-']
Oxidized-flavodoxins	COMP_NOT_FOUND	-	-	-	-	-	-	-	-	-	-
Reduced-flavodoxins	COMP_NOT_FOUND	-	-	-	-	-	-	-	-	-	-
PHYTYL-PYROPHOSPHATE	-	-	Diterpenes	-	phytyl diphosphate	-	(C 20);(H 39);(O 7);(P 2)	(CHEBI 75434 NIL |kothari| 3641835422 NIL NIL); (PUBCHEM 71728454 NIL |kothari| 3641818093 NIL NIL); (LIGAND-CPD C05427 NIL |taltman| 3459474374 NIL NIL)	CC(CCC[C@H](CCC[C@H](CCCC(\C)=C/COP([O-])(=O)OP([O-])(=O)[O-])C)C)C	phytyl pyrophosphate; phytyl-PP	['-']
CPD-7003	-	-	Compounds	-	tetrahydrogeranylgeranyl diphosphate	-	(C 20);(H 37);(O 7);(P 2)	(PUBCHEM 90657275 NIL |kothari| 3641818093 NIL NIL)	CC(C)=CCC[C@H](CCC[C@H](CCCC(\C)=C/COP([O-])(=O)OP([O-])(=O)[O-])C)C	tetrahydroGGPP; tetrahydrogeranylgeranyl pyrophosphate; tetrahydrogeranylgeranyl-PP	['-']
BCCP-L-lysine	-	-	Protein-L-lysine	-	[biotin carboxyl-carrier protein]-L-lysine	-	['-']	-	C([NH3+])CCC[C@@H](C([a [biotin carboxyl-carrier protein] monomer])=O)N[a [biotin carboxyl-carrier protein] monomer]	[BCCP]-L-lysine	['-']
BIOTIN	-	-	B-vitamins	-	biotin	-	(C 10);(H 15);(N 2);(O 3);(S 1)	(REFMET Biotin NIL |midford| 3701443689 NIL NIL); (BIGG btn NIL |kothari| 3661824226 NIL NIL); (METABOLIGHTS MTBLC57586 NIL |kothari| 3608991478 NIL NIL); (HMDB HMDB00030 NIL |kothari| 3608602879 NIL NIL); (CHEMSPIDER 5028036 NIL |kothari| 3563631979 NIL NIL); (CHEBI 57586 NIL |taltman| 3498180761 NIL NIL); (PUBCHEM 6560210 NIL |taltman| 3466375285 NIL NIL); (LIGAND-CPD C00120 NIL |kaipa| 3311532642 NIL NIL); (CAS 58-85-5)	C1(S[C@@H](CCCCC(=O)[O-])[C@H]2(NC(=O)N[C@@H]12))	vitamin H; coenzyme R; d-biotin	['-']
BCCP-biotin-L-lysine	-	-	Protein-Modified-Amino-Acids	-	[biotin carboxyl-carrier protein]-N6-biotinyl-L-lysine	-	['-']	-	C(NC(=O)CCCC[C@@H]1(SC[C@@H]2(NC(=O)N[C@H]12)))CCC[C@@H](C([a [biotin carboxyl-carrier protein] monomer])=O)N[a [biotin carboxyl-carrier protein] monomer]	[BCCP monomer]-biotin-N6-L-lysine	['-']
OCTAPRENYL-DIPHOSPHATE	-	-	TRANS-POLYISOPRENYL-PP	-	all-trans-octaprenyl diphosphate	-	(C 40);(H 65);(O 7);(P 2)	(BIGG octdp NIL |kothari| 3661824226 NIL NIL); (HMDB HMDB01094 NIL |kothari| 3608601885 NIL NIL); (CHEBI 57711 NIL |taltman| 3498180761 NIL NIL); (PUBCHEM 25245331 NIL |taltman| 3466375285 NIL NIL); (LIGAND-CPD C04146 NIL |kr| 3345594407 NIL NIL)	CC(C)=CCCC(\C)=C/CCC(\C)=C/CCC(\C)=C/CCC(\C)=C/CCC(\C)=C/CCC(\C)=C/CCC(\C)=C/COP(=O)([O-])OP(=O)([O-])[O-]	farnesylfarnesylgeranyl-PP; octaprenyl pyrophosphate; OPP; farnesylfarnesylgeraniol; octaprenyl diphosphate	['-']
CTP	-	-	Pyrimidine-ribonucleosides-5-PPP; Pyrimidines	-	CTP	-	(C 9);(H 12);(N 3);(O 14);(P 3)	(REFMET CTP NIL |midford| 3701443689 NIL NIL); (BIGG ctp NIL |kothari| 3661824226 NIL NIL); (METABOLIGHTS MTBLC37563 NIL |kothari| 3608991478 NIL NIL); (HMDB HMDB00082 NIL |kothari| 3608602794 NIL NIL); (CHEMSPIDER 5414498 NIL |kothari| 3563631943 NIL NIL); (PUBCHEM 7058166 NIL |taltman| 3466375284 NIL NIL); (CHEBI 37563 NIL |taltman| 3452363175 NIL NIL); (LIGAND-CPD C00063 NIL |kr| 3346617701 NIL NIL); (CAS 65-47-4)	C(OP([O-])(=O)OP([O-])(=O)OP([O-])(=O)[O-])[C@H]1(O[C@H]([C@H](O)[C@H](O)1)N2(\C=C/C(/N)=N\C(=O)2))	cytidine-triphosphate; cytidine-5'-triphosphate	['-']
CDP	-	-	Pyrimidine-ribonucleosides-5-PP; Pyrimidines	-	CDP	-	(C 9);(H 12);(N 3);(O 11);(P 2)	(REFMET CDP NIL |midford| 3701443689 NIL NIL); (BIGG cdp NIL |kothari| 3661824226 NIL NIL); (METABOLIGHTS MTBLC58069 NIL |kothari| 3608991478 NIL NIL); (HMDB HMDB01546 NIL |kothari| 3608602268 NIL NIL); (CHEMSPIDER 16740259 NIL |kothari| 3563631820 NIL NIL); (CHEBI 58069 NIL |ong| 3523630741 NIL NIL); (PUBCHEM 20056867 NIL |taltman| 3466375285 NIL NIL); (LIGAND-CPD C00112 NIL |kr| 3346617701 NIL NIL); (CAS 63-38-7)	C([C@@H]2([C@H]([C@H]([C@H](N1(C(/N=C(\C=C/1)/N)=O))O2)O)O))OP(OP([O-])([O-])=O)([O-])=O	cytidine-diphosphate; cytidine-5'-diphosphate	['-']
CPD-17293	SUPER	Fatty acyls	Fatty-Acids-Within-Glycerolipids; Omega-6-Fatty-Acids	Non-esterified fatty acid	[glycerolipid]-(7Z,10Z)-hexadecadienoate	-	['-']	-	CCCCC\C=C/C\C=C/CCCCCC(=O)[a glycerolipid]	[glycerolipid]-(7Z,10Z)-hexadecadienoic acid	['-']
CPD-17292	SUPER	Fatty acyls	Fatty-Acids-Within-Glycerolipids; Omega-3-Fatty-Acids; Omega-6-Fatty-Acids	Non-esterified fatty acid	[glycerolipid]-(7Z,10Z,13Z)-hexadecatrienoate	-	['-']	-	CC\C=C/C\C=C/C\C=C/CCCCCC(=O)[a glycerolipid]	[glycerolipid]-(7Z,10Z,13Z)-hexadecatrienoic acid	['-']
CPD-14280	-	Fatty acyls	Long-Chain-Trans-23-Dehydroacyl-CoA	Acyl-Coenzyme A	trans-arachido-2-enoyl-CoA	-	(C 41);(H 68);(N 7);(O 17);(P 3);(S 1)	(PUBCHEM 71627315 NIL |kothari| 3619400315 NIL NIL); (CHEBI 74691 NIL |kothari| 3608052289 NIL NIL)	CCCCCCCCCCCCCCCCC/C=C/C(=O)SCCNC(=O)CCNC([C@H](O)C(C)(C)COP([O-])(=O)OP([O-])(=O)OC[C@@H]1([C@@H](OP(=O)([O-])[O-])[C@@H](O)[C@@H](O1)N2(\C=N/C3(C(/N)=N\C=N/C2=3))))=O	trans-2,3-dihydro-arachido-2-enoyl-CoA; (2E)-arachidoenoyl-CoA	['-']
CPD-10363	-	Glycerolipids	DGDG	Dihexosyldiacylglycerol	1,2-diacyl-3-O-[&beta-D-galactosyl-(1&rarr6)-&beta-D-galactosyl]-sn-glycerol	-	['-']	-	C(O)[C@H]1(O[C@H]([C@H](O)[C@@H](O)[C@@H](O)1)OC[C@H]2(O[C@@H](OC[C@@H](COC(=O)[R1])OC(=O)[R2])[C@H](O)[C@@H](O)[C@@H](O)2))	(&beta-D-galactosyl-(1->6)-&beta-D-galactosyl)-1,2-diacyl-sn-glycerol; &beta-D-galactosyl-&beta-D-galactosyldiacylglycerol; DGDG; &beta,&beta digalactosyldiacylglycerol	['-']
4-CYTIDINE-5-DIPHOSPHO-2-C	-	-	CDP-SUGARS	-	4-(cytidine 5'-diphospho)-2-C-methyl-D-erythritol	-	(C 14);(H 23);(N 3);(O 14);(P 2)	(BIGG 4c2me NIL |kothari| 3661824226 NIL NIL); (CHEBI 57823 NIL |ong| 3523630741 NIL NIL); (PUBCHEM 24970669 NIL |ong| 3523387880 NIL NIL); (LIGAND-CPD C11435 NIL |kr| 3346617701 NIL NIL)	C[C@](O)(CO)[C@H](O)COP(OP([O-])(=O)OC[C@@H]2([C@H]([C@@H](O)[C@H](N1(C(/N=C(\C=C/1)/N)=O))O2)O))([O-])=O	CDP-ME; CDP-methyl-D-erythritol; 4-diphosphocytidyl-2C-methyl-D-erythritol; 4-diphosphocytidyl-2-C-methylerythritol	['-']
ALL-TRANS-HEPTAPRENYL-DIPHOSPHATE	-	-	TRANS-POLYISOPRENYL-PP	-	all-trans-heptaprenyl diphosphate	-	(C 35);(H 57);(O 7);(P 2)	(HMDB HMDB12187 NIL |kothari| 3608601632 NIL NIL); (CHEBI 58206 NIL |ong| 3523630741 NIL NIL); (PUBCHEM 25245257 NIL |taltman| 3466375284 NIL NIL); (LIGAND-CPD C04216 NIL |kr| 3410284650 NIL NIL)	CC(C)=CCCC(\C)=C/CCC(\C)=C/CCC(\C)=C/CCC(\C)=C/CCC(\C)=C/CCC(\C)=C/COP(=O)([O-])OP(=O)([O-])[O-]	['-']	['-']
GLYCEROL-3P	-	-	Glycerol-1-phosphate	-	sn-glycerol 3-phosphate	-	(C 3);(H 7);(O 6);(P 1)	(REFMET Glycerol 3-phosphate NIL |midford| 3701443689 NIL NIL); (BIGG glyc3p NIL |kothari| 3661824226 NIL NIL); (METABOLIGHTS MTBLC57597 NIL |kothari| 3608991478 NIL NIL); (HMDB HMDB00126 NIL |kothari| 3608603012 NIL NIL); (PUBCHEM 7048686 NIL |kothari| 3577652479 NIL NIL); (CHEMSPIDER 2939444 NIL |kothari| 3563632204 NIL NIL); (CHEBI 57597 NIL |taltman| 3498180761 NIL NIL); (LIGAND-CPD C00093 NIL |kr| 3346617699 NIL NIL); (CAS 57-03-4)	C(OP([O-])(=O)[O-])[C@H](O)CO	L-&alpha-glycerophosphate; L-G3P; L-glycerol 3-phosphate; &alpha-glycerophosphoric acid; &alpha-glycerophosphate; D-glycerol 1-phosphate; glycerol 3-phosphate	['-']
ACYL-ACP	COMP_NOT_FOUND	-	-	-	-	-	-	-	-	-	-
STEAROYL-COA	-	Fatty acyls	Long-Chain-234-Saturated-acyl-CoAs	Acyl-Coenzyme A	stearoyl-CoA	n-C18:0CoA; n-C18:0ACoA	(C 39);(H 66);(N 7);(O 17);(P 3);(S 1)	(REFMET Stearoyl-CoA NIL |midford| 3701443689 NIL NIL); (BIGG stcoa NIL |kothari| 3661824225 NIL NIL); (PUBCHEM 45266614 NIL |kothari| 3641818093 NIL NIL); (CHEBI 57394 NIL |kothari| 3609162490 NIL NIL); (METABOLIGHTS MTBLC57394 NIL |kothari| 3609160995 NIL NIL); (HMDB HMDB01114 NIL |kothari| 3608601912 NIL NIL); (LIGAND-CPD C00412 NIL |sreddy| 3295277879 NIL NIL); (CAS 362-66-3)	CCCCCCCCCCCCCCCCCC(=O)SCCNC(=O)CCNC([C@H](O)C(C)(C)COP([O-])(=O)OP([O-])(=O)OC[C@@H]1([C@@H](OP(=O)([O-])[O-])[C@@H](O)[C@@H](O1)N2(\C=N/C3(C(/N)=N\C=N/C2=3))))=O	n-C18:0CoA; stearyl-CoA; stearyl coenzyme A	['-']
CPD-7002	-	-	Compounds	-	dihydrogeranylgeranyl diphosphate	-	(C 20);(H 35);(O 7);(P 2)	(PUBCHEM 90658526 NIL |kothari| 3641818093 NIL NIL)	CC(C)=CCCC(\C)=C/CC[C@H](CCCC(\C)=C/COP([O-])(=O)OP([O-])(=O)[O-])C	dihydroGGPP; dihydrogeranylgeranyl-PP; dihydrogeranylgeranyl pyrophosphate	['-']
Red-NADPH-Hemoprotein-Reductases	COMP_NOT_FOUND	-	-	-	-	-	-	-	-	-	-
EPOXYSQUALENE	-	-	Triterpenes	-	(3S)-2,3-epoxy-2,3-dihydrosqualene	-	(C 30);(H 50);(O 1)	(PUBCHEM 5459811 NIL |kothari| 3641818093 NIL NIL); (METABOLIGHTS MTBLC15441 NIL |kothari| 3608991478 NIL NIL); (HMDB HMDB01188 NIL |kothari| 3608602674 NIL NIL); (CHEBI 15441 NIL |hartmut| 3567965557 NIL NIL); (CHEMSPIDER 4444080 NIL |kothari| 3563632140 NIL NIL); (LIGAND-CPD C01054 NIL |kr| 3410284650 NIL NIL); (CAS 9029-62-3)	CC(C)=CCCC(\C)=C/CCC(\C)=C/CC/C=C(C)/CC/C=C(C)/CC[C@H]1(C(C)(C)O1)	squalene 2,3-epoxide; squalene 2,3-oxide; (S)-squalene-2,3-epoxide; 2,3-EDSQ; 2,3-epoxisqualene; oxidosqualene; 2,3-oxidosqualene; (3S)-2,3-epoxysqualene	['-']
Ox-NADPH-Hemoprotein-Reductases	COMP_NOT_FOUND	-	-	-	-	-	-	-	-	-	-
Long-Chain-Fatty-Acids	SUPER	Fatty acyls	Fatty-Acids	Non-esterified fatty acid	long-chain fatty acid	-	['-']	(CHEBI 15904 NIL |kothari| 3498870748 NIL NIL); (LIGAND-CPD C00638 NIL |kothari| 3498870748 NIL NIL)	C(CCCCCCCCCCCC([O-])=O)[R]	LCFA	['-']
Long-chain-fatty-acyl-AMPs	Long-Chain-Fatty-Acids	Fatty acyls	Fatty-acyl-adenylate; Long-Chain-Fatty-Acids	Non-esterified fatty acid	long-chain fatty-acyl adenylate ester	-	['-']	-	C(CCCCCCCCCCCC(OP(OC[C@H]3(O[C@@H](N1(C2(\C(\N=C/1)=C(N)/N=C\N=2)))[C@H](O)[C@H](O)3))(=O)[O-])=O)[R]	['-']	['-']
CPD-730	Long-Chain-Fatty-Acids	Fatty acyls	Long-Chain-Fatty-Acids	Non-esterified fatty acid	8-[(1R,2R)-3-oxo-2-{(Z)-pent-2-enyl}cyclopentyl]octanoate	OPC-8:0; FA 18:3;O; NEFA 18:3;O	(C 18);(H 29);(O 3)	(CHEBI 15720 NIL |caspi| 3744452367 NIL NIL); (PUBCHEM 126961123 NIL |kothari| 3716212930 NIL NIL); (HMDB HMDB36217 NIL |kothari| 3608602493 NIL NIL); (LIPID_MAPS LMFA02010006 NIL |kothari| 3594492059 NIL NIL); (LIGAND-CPD C04780 NIL |taltman| 3459474373 NIL NIL)	CC\C=C/C[C@H]1([C@H](CCC(=O)1)CCCCCCCC([O-])=O)	3-oxo-2-(cis-2'-pentenyl)-cyclopentane-1-octanoic acid; oxopentenyl-cyclopentane-octanoic acid; OPC8; OPC-8:0	['-']
Long-Chain-Acyl-CoAs	SUPER	Fatty acyls	Fatty-Acyl-CoAs	Acyl-Coenzyme A	long-chain fatty acyl-CoA	-	['-']	(LIGAND-CPD C02843 NIL |kothari| 3498843960 NIL NIL); (CHEBI 33184 NIL |kothari| 3498843960 NIL NIL)	C(CCCCCCCCCCCC(=O)SCCNC(=O)CCNC(=O)[C@H](O)C(C)(C)COP(=O)(OP(=O)(OC[C@@H]1([C@@H](OP([O-])(=O)[O-])[C@@H](O)[C@@H](O1)N2(C3(\N=C/N=C(C(\N=C/2)=3)/N))))[O-])[O-])[R]	fatty acyl-CoA; fatty acyl CoA-; acyl-CoA; fatty acyl CoA; long-chain acyl-CoA	['-']
CPD-21036	Long-Chain-Acyl-CoAs	Fatty acyls	3-HYDROXYACYL-COA; Long-Chain-Acyl-CoAs	Acyl-Coenzyme A	3-hydroxyhexadecanoyl-CoA	-	(C 37);(H 62);(N 7);(O 18);(P 3);(S 1)	-	CCCCCCCCCCCCCC(CC(SCCNC(=O)CCNC(=O)[C@H](O)C(C)(C)COP(=O)(OP(=O)(OC[C@@H]1([C@@H](OP([O-])(=O)[O-])[C@@H](O)[C@@H](O1)N2(C3(\N=C/N=C(C(\N=C/2)=3)/N))))[O-])[O-])=O)O	3-hydroxypalmitoyl-CoA	['-']
Long-Chain-3S-Hydroxyacyl-CoAs	Long-Chain-Acyl-CoAs	Fatty acyls	L-3-HYDROXYACYL-COA; Long-Chain-Acyl-CoAs	Acyl-Coenzyme A	long-chain (3S)-3-hydroxyacyl-CoA	-	['-']	-	C(CCCCCCCCC[C@H](O)CC(SCCNC(=O)CCNC(=O)[C@H](O)C(C)(C)COP(=O)(OP(=O)(OC[C@H]1(O[C@H]([C@@H]([C@@H]1OP([O-])(=O)[O-])O)N2(C3(\N=C/N=C(C(\N=C/2)=3)/N))))[O-])[O-])=O)[R]	long-chain-L-3-hydroxyacyl-CoA; long-chain (S)-hydroxyacyl-CoA	['-']
CPD0-2228	Long-Chain-Acyl-CoAs	Fatty acyls	Long-Chain-Acyl-CoAs	Non-esterified fatty acid	tetradecenoyl-CoA (n-C14:1CoA)	-	(C 35);(H 56);(N 7);(O 17);(P 3);(S 1)	(BIGG tdecoa NIL |kothari| 3661824226 NIL NIL)	CCCCCC/C=C/CCCCCC(=O)SCCNC(=O)CCNC(=O)[C@H](O)C(C)(C)COP(=O)(OP(=O)(OC[C@@H]1([C@@H](OP([O-])(=O)[O-])[C@@H](O)[C@@H](O1)N2(C3(\N=C/N=C(C(\N=C/2)=3)/N))))[O-])[O-]	['-']	['-']
Mycolipenyl-CoA	Long-Chain-Acyl-CoAs	Fatty acyls	Long-Chain-Acyl-CoAs; Monounsaturated-fatty-acids	Acyl-Coenzyme A	mycolipenoyl-CoA	-	['-']	-	C[C@H](C[C@@H](/C=C(C)/C(=O)SCCNC(=O)CCNC(=O)[C@H](O)C(C)(C)COP(=O)(OP(=O)(OC[C@@H]1([C@@H](OP([O-])(=O)[O-])[C@@H](O)[C@@H](O1)N2(C3(\N=C/N=C(C(\N=C/2)=3)/N))))[O-])[O-])C)CCCCCCCCCCCCCCCCC[R]	(2E,2S,4S,6S)-2,4,6-trimethyl-2-enoyl-CoA	['-']
CPD-17578	Long-Chain-Acyl-CoAs	Fatty acyls	Fatty-Acids-Within-Glycerolipids; Long-Chain-Acyl-CoAs	Non-esterified fatty acid	[glycerolipid]-(9Z,12Z)-hexadeca-9,12-dienoate	-	['-']	-	CCC\C=C/C\C=C/CCCCCCCC(=O)[a glycerolipid]	['-']	['-']
CPD-10254	Long-Chain-Acyl-CoAs	Fatty acyls	Long-Chain-Acyl-CoAs	Acyl-Coenzyme A	(9Z,12Z)-hexadeca-9,12-dienoyl-CoA	16:2-delta9,12-CoA; 16:2-delta9,12-ACoA	(C 37);(H 58);(N 7);(O 17);(P 3);(S 1)	(CHEBI 76552 NIL |kothari| 3599494428 NIL NIL); (PUBCHEM 46173284 NIL |taltman| 3497976212 NIL NIL)	CCC\C=C/C\C=C/CCCCCCCC(=O)SCCNC(=O)CCNC(=O)[C@H](O)C(C)(C)COP(=O)(OP(=O)(OC[C@@H]1([C@@H](OP([O-])(=O)[O-])[C@@H](O)[C@@H](O1)N2(C3(\N=C/N=C(C(\N=C/2)=3)/N))))[O-])[O-]	9,12-cis-hexadecadienoyl-CoA; 16:2-delta9,12-CoA; 9z,12z-hexadecadienoyl-CoA	['-']
CPD-17621	Long-Chain-Acyl-CoAs	Fatty acyls	Long-Chain-Acyl-CoAs; Omega-Hydroxy-Long-Chain-Fatty-Acyl-Coa	Acyl-Coenzyme A	16-hydroxypalmitoyl-CoA	-	(C 37);(H 62);(N 7);(O 18);(P 3);(S 1)	(CHEBI 84207 NIL |kothari| 3651889255 NIL NIL); (PUBCHEM 86583440 NIL |kothari| 3651883219 NIL NIL)	CC(C)([C@@H](O)C(=O)NCCC(=O)NCCSC(=O)CCCCCCCCCCCCCCCO)COP(=O)(OP(=O)(OC[C@@H]1([C@@H](OP([O-])(=O)[O-])[C@@H](O)[C@@H](O1)N2(C3(\N=C/N=C(C(\N=C/2)=3)/N))))[O-])[O-]	&omega-hydroxy-hexadecanoyl-coenzyme A; &omega-hydroxypalmitoyl-CoA; 16-hydroxy-hexadecanoyl-CoA	['-']
CPD-14426	Long-Chain-Acyl-CoAs	Fatty acyls	Long-Chain-Acyl-CoAs	Acyl-Coenzyme A	(7Z,10Z,13Z,16Z,19Z)-docosapentaenoyl-CoA	-	(C 43);(H 64);(N 7);(O 17);(P 3);(S 1)	(PUBCHEM 71581114 NIL |kothari| 3619400312 NIL NIL); (CHEBI 73870 NIL |kothari| 3608052289 NIL NIL)	CC\C=C/C\C=C/C\C=C/C\C=C/C\C=C/CCCCCC(=O)SCCNC(=O)CCNC(=O)[C@H](O)C(C)(C)COP(=O)(OP(=O)(OC[C@@H]1([C@@H](OP([O-])(=O)[O-])[C@@H](O)[C@@H](O1)N2(C3(\N=C/N=C(C(\N=C/2)=3)/N))))[O-])[O-]	(7Z,10Z,13Z,16Z,19Z)-docosa-7,10,13,16,19-pentaenoyl-CoA; docosapentaenoyl-CoA	['-']
CPD-409	-	Glycerolipids	Monoacylglycerols	Monoacylglycerol	2-acylglycerol	-	['-']	(LIGAND-CPD C02112 NIL |kothari| 3494208011 NIL NIL); (CHEBI 17389 NIL |kothari| 3494206872 NIL NIL)	C(O)C(CO)OC(=O)[R]	2-monoglyceride; 2-glyceride; 2-MAG	['-']
UDP-SULFOQUINOVOSE	-	-	UDP-sugar	-	UDP-&alpha-D-sulfoquinovopyranose	-	(C 15);(H 21);(N 2);(O 19);(P 2);(S 1)	(CHEBI 60009 NIL |taltman| 3498180761 NIL NIL); (PUBCHEM 25200933 NIL |taltman| 3466375284 NIL NIL); (LIGAND-CPD C11521 NIL |taltman| 3459474374 NIL NIL)	C(OP(=O)([O-])OP(=O)(O[C@H]1(O[C@H](CS(=O)(=O)[O-])[C@@H](O)[C@H](O)[C@@H](O)1))[O-])[C@@H]2([C@@H](O)[C@@H](O)[C@@H](O2)N3(\C=C/C(=O)NC(=O)3))	UDP-6-sulfoquinovose; UDP-sulfoquinovose; UDP-&alpha-D-sulfoquinovose	['-']
SULFOQUINOVOSYLDIACYLGLYCEROL	SUPER	Glycerolipids	GLYCOSYLGLYCERIDES; Sulfolipids	Sulfoquinovosyl diacylglycerol	6-sulfo-&alpha-D-quinovosyl diacylglycerol	-	['-']	(|Wikipedia| Sulfoquinovosyl_diacylglycerol NIL |caspi| 3652100189 NIL NIL); (CHEBI 32167 NIL |caspi| 3639573054 NIL NIL); (LIPID_MAPS LMGL0501AG00 NIL |dreher| 3514929792 NIL NIL); (PUBCHEM 25244599 NIL |dreher| 3514929531 NIL NIL); (LIGAND-CPD C13508 NIL |taltman| 3466371734 NIL NIL)	C(OC(=O)[R1])[C@@H](OC(=O)[R2])CO[C@@H]1([C@H](O)[C@H]([C@H](O)[C@@H](CS(=O)(=O)[O-])O1)O)	1,2-diacyl-3-(6-sulfo-&alpha-D-quinovosyl)-sn-glycerol; SQDG	['-']
SQDG-36-3	SULFOQUINOVOSYLDIACYLGLYCEROL	Glycerolipids	SULFOQUINOVOSYLDIACYLGLYCEROL	Sulfoquinovosyl diacylglycerol	SQDG(36:3)	sulfoquinovosyldiaclyglycerol (36:3)	['-']	-	C(OC(=O)[R1])[C@@H](OC([R2])=O)CO[C@H]1(O[C@H](CS([O-])(=O)=O)[C@@H](O)[C@H](O)[C@@H](O)1)	sulfoquinovosyldiaclyglycerol (36:3)	['-']
SQDG-36-4	SULFOQUINOVOSYLDIACYLGLYCEROL	Glycerolipids	SULFOQUINOVOSYLDIACYLGLYCEROL	Sulfoquinovosyl diacylglycerol	SQDG(36:4)	sulfoquinovosyldiaclyglycerol (36:4)	['-']	-	C(OC(=O)[R1])[C@@H](OC([R2])=O)CO[C@H]1(O[C@H](CS([O-])(=O)=O)[C@@H](O)[C@H](O)[C@@H](O)1)	sulfoquinovosyldiaclyglycerol (36:4)	['-']
SQDG-34-2	SULFOQUINOVOSYLDIACYLGLYCEROL	Glycerolipids	SULFOQUINOVOSYLDIACYLGLYCEROL	Sulfoquinovosyl diacylglycerol	SQDG(34:2)	sulfoquinovosyldiaclyglycerol (34:2)	['-']	-	C(OC(=O)[R1])[C@@H](OC([R2])=O)CO[C@H]1(O[C@H](CS([O-])(=O)=O)[C@@H](O)[C@H](O)[C@@H](O)1)	sulfoquinovosyldiaclyglycerol (34:2)	['-']
SQDG-34-4	SULFOQUINOVOSYLDIACYLGLYCEROL	Glycerolipids	SULFOQUINOVOSYLDIACYLGLYCEROL	Sulfoquinovosyl diacylglycerol	SQDG(34:4)	sulfoquinovosyldiaclyglycerol (34:4)	['-']	-	C(OC(=O)[R1])[C@@H](OC([R2])=O)CO[C@H]1(O[C@H](CS([O-])(=O)=O)[C@@H](O)[C@H](O)[C@@H](O)1)	sulfoquinovosyldiaclyglycerol (34:4)	['-']
SQDG-32-0	SULFOQUINOVOSYLDIACYLGLYCEROL	Glycerolipids	SULFOQUINOVOSYLDIACYLGLYCEROL	Sulfoquinovosyl diacylglycerol	SQDG(32:0)	sulfoquinovosyldiaclyglycerol (32:0)	['-']	-	C(OC(=O)[R1])[C@@H](OC([R2])=O)CO[C@H]1(O[C@H](CS([O-])(=O)=O)[C@@H](O)[C@H](O)[C@@H](O)1)	sulfoquinovosyldiaclyglycerol (32:0)	['-']
SQDG-36-1	SULFOQUINOVOSYLDIACYLGLYCEROL	Glycerolipids	SULFOQUINOVOSYLDIACYLGLYCEROL	Sulfoquinovosyl diacylglycerol	SQDG(36:1)	sulfoquinovosyldiaclyglycerol (36:1)	['-']	-	C(OC(=O)[R1])[C@@H](OC([R2])=O)CO[C@H]1(O[C@H](CS([O-])(=O)=O)[C@@H](O)[C@H](O)[C@@H](O)1)	sulfoquinovosyldiaclyglycerol (36:1)	['-']
SQDG-32-2	SULFOQUINOVOSYLDIACYLGLYCEROL	Glycerolipids	SULFOQUINOVOSYLDIACYLGLYCEROL	Sulfoquinovosyl diacylglycerol	SQDG(32:2)	sulfoquinovosyldiaclyglycerol (32:2)	['-']	-	C(OC(=O)[R1])[C@@H](OC([R2])=O)CO[C@H]1(O[C@H](CS([O-])(=O)=O)[C@@H](O)[C@H](O)[C@@H](O)1)	sulfoquinovosyldiaclyglycerol (32:2)	['-']
SQDG-34-5	SULFOQUINOVOSYLDIACYLGLYCEROL	Glycerolipids	SULFOQUINOVOSYLDIACYLGLYCEROL	Sulfoquinovosyl diacylglycerol	SQDG(34:5)	sulfoquinovosyldiaclyglycerol (34:5)	['-']	-	C(OC(=O)[R1])[C@@H](OC([R2])=O)CO[C@H]1(O[C@H](CS([O-])(=O)=O)[C@@H](O)[C@H](O)[C@@H](O)1)	sulfoquinovosyldiaclyglycerol (34:5)	['-']
SQDG-36-6	SULFOQUINOVOSYLDIACYLGLYCEROL	Glycerolipids	SULFOQUINOVOSYLDIACYLGLYCEROL	Sulfoquinovosyl diacylglycerol	SQDG(36:6)	sulfoquinovosyldiaclyglycerol (36:6)	['-']	-	C(OC(=O)[R1])[C@@H](OC([R2])=O)CO[C@H]1(O[C@H](CS([O-])(=O)=O)[C@@H](O)[C@H](O)[C@@H](O)1)	sulfoquinovosyldiaclyglycerol (36:6)	['-']
SQDG-34-3	SULFOQUINOVOSYLDIACYLGLYCEROL	Glycerolipids	SULFOQUINOVOSYLDIACYLGLYCEROL	Sulfoquinovosyl diacylglycerol	SQDG(34:3)	sulfoquinovosyldiaclyglycerol (34:3)	['-']	-	C(OC(=O)[R1])[C@@H](OC([R2])=O)CO[C@H]1(O[C@H](CS([O-])(=O)=O)[C@@H](O)[C@H](O)[C@@H](O)1)	sulfoquinovosyldiaclyglycerol (34:3)	['-']
SQDG-34-1	SULFOQUINOVOSYLDIACYLGLYCEROL	Glycerolipids	SULFOQUINOVOSYLDIACYLGLYCEROL	Sulfoquinovosyl diacylglycerol	SQDG(34:1)	sulfoquinovosyldiaclyglycerol (34:1)	['-']	-	C(OC(=O)[R1])[C@@H](OC([R2])=O)CO[C@H]1(O[C@H](CS([O-])(=O)=O)[C@@H](O)[C@H](O)[C@@H](O)1)	sulfoquinovosyldiaclyglycerol (34:1)	['-']
SQDG-34-6	SULFOQUINOVOSYLDIACYLGLYCEROL	Glycerolipids	SULFOQUINOVOSYLDIACYLGLYCEROL	Sulfoquinovosyl diacylglycerol	SQDG(34:6)	sulfoquinovosyldiaclyglycerol (34:6)	['-']	-	C(OC(=O)[R1])[C@@H](OC([R2])=O)CO[C@H]1(O[C@H](CS([O-])(=O)=O)[C@@H](O)[C@H](O)[C@@H](O)1)	sulfoquinovosyldiaclyglycerol (34:6)	['-']
SQDG-32-1	SULFOQUINOVOSYLDIACYLGLYCEROL	Glycerolipids	SULFOQUINOVOSYLDIACYLGLYCEROL	Sulfoquinovosyl diacylglycerol	SQDG(32:1)	sulfoquinovosyldiaclyglycerol (32:1)	['-']	-	C(OC(=O)[R1])[C@@H](OC([R2])=O)CO[C@H]1(O[C@H](CS([O-])(=O)=O)[C@@H](O)[C@H](O)[C@@H](O)1)	sulfoquinovosyldiaclyglycerol (32:1)	['-']
SQDG-36-5	SULFOQUINOVOSYLDIACYLGLYCEROL	Glycerolipids	SULFOQUINOVOSYLDIACYLGLYCEROL	Sulfoquinovosyl diacylglycerol	SQDG(36:5)	sulfoquinovosyldiaclyglycerol (36:5)	['-']	-	C(OC(=O)[R1])[C@@H](OC([R2])=O)CO[C@H]1(O[C@H](CS([O-])(=O)=O)[C@@H](O)[C@H](O)[C@@H](O)1)	sulfoquinovosyldiaclyglycerol (36:5)	['-']
SQDG-32-3	SULFOQUINOVOSYLDIACYLGLYCEROL	Glycerolipids	SULFOQUINOVOSYLDIACYLGLYCEROL	Sulfoquinovosyl diacylglycerol	SQDG(32:3)	sulfoquinovosyldiaclyglycerol (32:3)	['-']	-	C(OC(=O)[R1])[C@@H](OC([R2])=O)CO[C@H]1(O[C@H](CS([O-])(=O)=O)[C@@H](O)[C@H](O)[C@@H](O)1)	sulfoquinovosyldiaclyglycerol (32:3)	['-']
SQDG-36-2	SULFOQUINOVOSYLDIACYLGLYCEROL	Glycerolipids	SULFOQUINOVOSYLDIACYLGLYCEROL	Sulfoquinovosyl diacylglycerol	SQDG(36:2)	sulfoquinovosyldiaclyglycerol (36:2)	['-']	-	C(OC(=O)[R1])[C@@H](OC([R2])=O)CO[C@H]1(O[C@H](CS([O-])(=O)=O)[C@@H](O)[C@H](O)[C@@H](O)1)	sulfoquinovosyldiaclyglycerol (36:2)	['-']
CPD-12575	-	-	NDP-alpha-D-glucoses; NDP-glucoses; UDP-sugar	-	UDP-&alpha-D-glucose	-	(C 15);(H 22);(N 2);(O 17);(P 2)	(BIGG 33576 NIL |kr| 3618349750 NIL NIL); (BIGG udpg NIL |kothari| 3661824226 NIL NIL); (LIGAND-CPD C00029 NIL |kr| 3618349505 NIL NIL); (PUBCHEM 16667346 NIL |kothari| 3599486668 NIL NIL); (CHEMSPIDER 10239191 NIL |kothari| 3563631831 NIL NIL); (CHEBI 58885 NIL |ong| 3523630741 NIL NIL)	C(O)[C@@H]1([C@@H](O)[C@H](O)[C@@H](O)[C@H](O1)OP(OP(=O)([O-])OC[C@H]2(O[C@H]([C@H](O)[C@H](O)2)N3(\C=C/C(=O)NC(=O)3)))([O-])=O)	UDPG; UDP-glucose; UDP-D-glucose	['-']
SO3	-	-	Inorganic-Anions	-	sulfite	-	(O 3);(S 1)	(BIGG so3 NIL |kothari| 3661824226 NIL NIL); (HMDB HMDB00240 NIL |kothari| 3608597114 NIL NIL); (CHEMSPIDER 1068 NIL |kothari| 3563632840 NIL NIL); (CAS 14265-45-3 NIL |kothari| 3472227215 NIL NIL); (PUBCHEM 1099 NIL |taltman| 3466375285 NIL NIL); (CHEBI 17359 NIL |taltman| 3452438204 NIL NIL)	[O-]S([O-])=O	SO3; SO3-2	trioxosulfate(2-)
CPD-465	-	-	Triterpenes	-	presqualene diphosphate	-	(C 30);(H 49);(O 7);(P 2)	(PUBCHEM 131841557 NIL |kothari| 3728310938 NIL NIL); (METABOLIGHTS MTBLC57310 NIL |kothari| 3608991478 NIL NIL); (HMDB HMDB01278 NIL |kothari| 3608601896 NIL NIL); (CHEBI 57310 NIL |kothari| 3557072876 NIL NIL); (LIGAND-CPD C03428 NIL |taltman| 3459474373 NIL NIL)	CC(C)=CCCC(\C)=C/CCC(\C)=C/[C@@H]1([C@@](C)(CC/C=C(C)/CCC=C(C)C)[C@H]1COP(OP([O-])([O-])=O)([O-])=O)	['-']	['-']
